area_sqft,built_up_area_sqft,carpet_area_sqft,bedrooms,bathrooms,rooms_total,living_area_sqft,house_age,distance_to_city_km,distance_to_school_km,parking_spaces,garden_color_code,street_light_count,house_paint_code,random_feature_1,house_price
2294,2005,1581,3,2,6,578,5.0,2.09,1.64,2,4,17,497,-0.8971,1089547.78
2842,2490,2131,6,4,8,786,5.4,2.97,10.61,2,12,22,931,-0.103,1454544.7
2390,1984,1769,4,3,7,628,12.8,34.17,2.56,2,10,4,842,1.6655,912050.85
1138,1071,834,3,3,5,377,33.8,22.04,3.14,1,3,17,777,-1.6966,276901.2
983,635,574,3,2,6,279,9.1,7.73,3.74,2,10,22,577,1.8521,386747.03
1638,1529,1219,3,3,7,413,2.9,7.59,3.95,0,12,20,588,0.4509,692642.57
2163,1968,1631,4,2,7,852,8.0,10.74,2.11,2,10,14,917,-0.1888,951424.79
1912,1782,1367,3,2,7,596,15.6,8.9,4.73,1,1,23,261,-1.694,715086.22
3015,2524,2109,4,3,7,832,12.8,3.55,1.38,3,9,19,236,-0.1711,1548452.2
2081,1799,1561,4,3,9,564,7.4,12.0,0.55,2,9,17,903,0.159,804255.67
2002,1727,1381,3,2,6,504,7.7,7.28,4.89,2,2,11,715,0.4273,829197.55
1239,1009,930,2,2,4,494,45.6,13.01,2.83,1,10,12,501,0.2941,303239.82
1086,899,666,3,2,7,196,10.4,6.55,1.61,0,6,19,434,-0.4585,520901.88
2690,2386,1811,4,2,6,778,18.5,15.5,4.2,3,11,10,548,0.0116,1055706.81
1628,1372,1095,5,4,7,608,16.0,30.83,3.7,2,8,11,571,0.1984,533823.16
2126,1780,1550,5,4,8,538,5.3,11.25,3.01,2,1,14,959,-0.2227,826886.54
988,1069,769,3,2,6,173,39.0,20.08,3.91,1,2,17,121,2.1583,285966.64
1373,1166,951,4,3,7,444,12.4,16.54,4.12,1,1,24,960,-0.659,442370.19
1018,948,840,1,1,4,423,5.4,15.27,0.85,1,10,12,180,-0.6734,318228.22
1220,1042,730,2,1,4,262,14.2,16.55,2.77,1,12,20,369,-0.8006,349340.37
2195,1996,1684,4,2,6,604,14.3,5.93,3.79,1,12,14,313,1.493,958918.8
953,1004,664,1,1,4,342,7.0,13.8,0.7,1,9,19,559,1.0376,367925.98
1327,1196,1098,2,1,5,394,22.6,13.43,2.52,1,3,15,382,0.1895,355262.35
1694,1357,1226,3,2,6,487,17.6,10.02,1.33,1,12,9,880,1.2633,528329.35
1266,1065,969,3,3,6,323,20.8,14.65,2.4,1,2,31,267,-0.854,373499.27
1465,1307,1131,3,3,6,480,34.4,8.79,3.61,2,10,14,559,1.445,508051.12
1480,1382,1069,3,1,7,246,24.0,25.49,1.3,0,4,15,637,0.3371,427347.69
1852,1599,1467,4,3,7,811,6.8,14.74,3.33,2,8,18,829,-2.0207,694851.83
1376,1104,883,3,2,5,316,29.9,20.4,0.82,0,3,16,639,-0.3333,390642.73
1760,1653,1292,3,1,6,630,36.3,11.12,1.26,0,8,15,713,-0.5871,568088.14
1632,1350,1056,3,3,6,397,19.3,12.01,1.97,1,3,9,970,-0.7918,566284.1
1856,1677,1344,4,3,6,620,10.5,15.44,1.94,2,9,22,747,-0.6193,679208.34
1731,1545,1281,4,2,6,431,15.8,34.21,6.45,0,12,20,578,0.5224,524751.46
2858,2650,2246,6,4,9,984,17.5,8.18,3.66,1,3,15,187,-1.8044,1404450.08
1268,1060,1154,3,2,6,492,48.4,38.79,1.21,1,5,10,999,-0.4296,379796.45
2434,2171,1846,6,4,10,685,12.3,13.2,3.07,2,5,21,100,0.5202,1017519.79
1390,1258,995,2,1,5,475,26.8,11.24,3.31,1,8,13,717,-1.6339,437552.33
1144,989,780,3,1,5,268,25.2,14.65,2.31,1,7,22,165,0.3741,333119.01
2445,2099,1847,6,3,10,802,5.0,5.87,1.29,3,2,22,580,-0.8317,1189408.98
1372,1143,893,1,1,3,504,24.0,10.4,2.13,1,8,13,450,-1.2335,426823.97
1397,1243,1035,2,1,5,300,3.5,15.06,1.48,0,6,2,618,1.8712,401745.39
984,934,786,4,2,7,150,14.6,5.48,3.05,0,7,11,477,0.4544,408517.22
768,759,617,3,1,6,289,11.2,17.06,0.89,1,7,14,242,-0.0925,221909.4
1998,1978,1517,4,2,7,453,37.4,30.34,2.04,2,3,8,739,1.246,725880.92
1064,1006,794,3,2,6,183,16.2,6.26,2.19,1,1,19,532,0.3998,423368.85
2101,1854,1589,4,3,8,543,18.7,20.07,2.54,1,9,22,438,0.4832,715962.5
3055,2654,2020,5,3,10,846,3.8,20.63,3.49,3,1,19,326,0.2181,1404181.82
1537,1416,1273,3,1,4,508,7.4,13.0,0.26,1,11,31,665,0.009,560008.82
1079,896,845,2,1,4,430,6.4,8.14,1.36,1,12,30,910,-0.6157,373459.06
1837,1626,1338,4,2,7,598,35.7,10.66,1.36,2,5,12,137,0.38,640440.52
2089,1742,1646,4,2,8,604,19.8,5.41,1.45,1,4,15,482,-0.4036,926484.26
1460,1419,1225,4,3,6,445,28.8,27.52,6.4,1,5,16,189,0.4065,468635.59
1610,1377,1279,2,2,5,454,19.1,18.41,2.28,1,6,10,646,1.0133,459430.33
2553,2323,1743,4,1,6,772,18.5,11.18,3.56,0,9,15,291,0.0133,1069503.92
2492,2120,1606,5,3,9,713,20.1,45.0,2.05,2,4,12,108,0.6446,965074.24
2051,1895,1423,4,4,6,742,20.0,19.23,5.23,2,9,19,296,-0.9256,761904.65
1181,1096,724,2,1,6,239,10.6,5.93,2.0,2,10,19,739,-1.6385,453457.32
1570,1426,1164,5,4,7,610,24.7,6.29,0.77,1,12,24,501,1.8732,630987.94
1976,1760,1302,3,2,7,701,6.3,26.66,3.89,3,8,6,310,1.0523,746474.26
1486,1498,770,3,2,6,217,28.6,8.66,2.04,1,1,18,951,1.5507,455823.19
1292,1198,941,2,2,4,541,30.6,15.65,1.96,0,7,14,271,-0.623,364312.19
1224,1026,799,2,2,5,384,4.4,19.79,4.12,2,8,18,275,0.9402,399587.36
1282,1087,995,2,2,6,447,28.7,27.09,0.63,1,10,13,679,0.1317,325478.19
1265,974,745,3,1,5,290,27.2,19.92,1.11,1,11,11,540,-0.653,359712.53
1366,1205,938,3,1,6,527,27.9,13.8,0.73,1,10,21,877,-0.9708,369920.35
2389,2158,1575,5,3,8,948,15.6,8.41,3.1,2,5,18,122,1.1178,975348.96
1209,1151,1009,3,2,6,449,39.8,24.12,2.38,2,10,14,696,0.3523,324501.82
2182,2040,1641,2,2,6,856,41.5,23.47,1.87,1,4,8,384,-0.5817,785988.76
1852,1735,1328,5,3,7,511,5.9,23.21,1.67,2,6,13,211,1.8468,720793.28
1680,1449,1208,4,2,9,491,27.2,27.19,1.95,0,3,21,666,0.7402,486064.73
1198,1049,795,5,2,8,150,14.7,8.9,0.47,0,11,25,274,0.8431,418381.58
1364,1195,939,2,3,4,446,21.5,11.2,1.63,1,11,20,866,-1.8883,479214.72
3192,3098,2560,6,4,9,854,38.8,15.32,2.35,1,6,17,462,0.3637,1525779.61
1656,1524,1178,2,1,6,382,7.6,9.37,2.86,0,9,25,638,-0.226,617467.76
1932,1834,1256,3,3,6,576,40.9,21.36,5.14,1,6,11,992,0.779,669496.65
2018,1681,1703,4,3,7,593,24.4,9.99,2.3,0,10,13,516,0.3368,770861.6
2315,2189,1677,4,3,7,504,47.8,4.21,2.57,2,9,13,916,0.5093,1010354.29
1472,1265,975,3,2,6,371,8.3,10.33,3.86,1,7,15,823,-0.5825,585104.47
1292,1136,698,3,3,6,348,21.1,11.33,2.51,0,2,25,409,-0.1879,458035.23
1567,1561,1005,3,2,7,686,9.9,15.73,2.47,0,6,10,111,-0.0394,461055.36
1460,1185,1093,3,3,6,542,6.0,13.75,0.68,2,7,30,396,-0.2071,496520.18
2110,1780,1369,4,4,6,628,17.8,11.7,2.22,2,1,10,349,-1.3186,768551.92
1710,1457,1143,3,1,5,582,16.5,16.88,2.58,1,5,15,302,-0.6778,596462.2
1740,1528,981,3,2,6,425,1.1,16.45,0.36,0,4,18,937,-0.2411,640509.19
1683,1623,1309,3,2,6,483,13.6,6.85,0.99,1,11,27,971,-0.8044,519136.74
2459,2229,1825,4,2,6,701,19.4,14.5,3.22,1,1,29,173,1.6207,960858.45
1323,1152,1008,3,2,8,534,9.0,11.29,4.64,1,11,12,381,1.7114,485395.06
1353,1102,961,3,2,6,337,4.2,9.88,1.65,1,2,14,865,0.8728,523690.8
2181,2153,1557,3,3,7,503,41.4,19.0,4.04,2,8,15,807,1.5908,804010.48
1542,1319,1263,3,2,7,559,13.7,7.07,3.82,3,12,24,774,-0.3945,689196.57
1815,1620,1429,3,2,6,535,18.8,7.82,5.81,1,9,16,909,-0.4588,714539.4
1240,1176,990,4,2,6,462,11.0,24.68,2.12,2,3,13,981,-1.0518,377671.73
1613,1402,1170,3,2,6,422,17.9,22.44,2.22,1,5,22,110,0.5554,536245.58
1861,1748,1120,4,2,8,453,24.7,13.74,1.33,3,5,10,363,0.2086,631639.15
1005,966,827,3,1,5,258,13.9,22.76,1.44,1,10,7,662,-0.3553,245791.81
1255,1020,1041,4,3,6,525,23.0,5.68,6.26,2,11,19,530,1.319,450640.83
1855,1748,1410,3,2,7,666,9.6,14.4,4.71,2,7,11,418,1.2466,771194.67
3515,3114,2771,6,5,8,906,29.4,9.4,1.23,2,4,13,428,-0.3028,1904730.0
1881,1589,1497,3,2,6,692,7.0,16.91,1.03,0,12,18,677,-0.721,712134.63
1567,1372,1255,3,2,6,561,7.6,4.32,0.62,1,6,25,759,2.4305,742027.66
1190,1155,802,3,3,5,391,24.0,17.34,1.2,0,12,12,450,-1.2243,303966.99
1835,1772,1535,5,4,8,600,17.5,7.67,1.64,2,10,26,851,-0.6054,831003.65
667,583,544,2,3,4,197,8.8,12.68,6.14,1,2,8,550,0.2042,291177.54
1573,1455,1133,3,1,6,569,29.4,27.74,3.81,2,9,28,827,-0.3784,485148.72
1425,1246,1076,2,1,6,415,10.9,13.19,2.14,0,12,14,785,-0.944,456502.51
1334,1197,925,3,3,5,363,24.2,15.46,3.53,1,3,18,504,0.7407,375883.79
3604,3022,2926,6,4,10,1137,15.6,17.63,0.95,1,1,15,855,-0.6914,1854040.36
673,683,438,1,1,4,197,3.0,25.39,3.47,0,8,17,497,1.5154,200427.86
1588,1239,1147,3,2,6,283,6.4,10.1,2.02,0,11,19,175,-0.4324,616605.06
1639,1362,1252,4,3,6,361,15.9,8.38,2.86,2,10,10,731,-0.5497,637708.41
1884,1771,1369,2,2,4,541,26.0,10.81,2.19,2,8,16,425,-0.5237,608276.08
913,891,645,3,2,5,513,34.4,11.26,1.95,1,12,19,674,0.2789,325960.69
1359,1143,792,4,2,7,432,28.8,4.38,3.38,2,9,16,375,0.5676,589794.2
948,946,713,3,2,6,350,16.3,15.22,2.74,2,9,17,773,1.0175,314083.46
1530,1452,1097,3,3,6,357,5.5,28.04,11.35,1,6,13,753,1.2463,403331.94
1714,1457,1333,4,3,7,640,2.3,7.93,2.33,0,3,18,402,1.6058,692023.13
1695,1557,1398,5,3,9,608,8.7,11.25,3.58,1,11,26,632,0.4264,667221.08
1493,1345,1184,4,2,7,452,2.5,11.1,2.19,1,4,17,176,0.1926,601076.37
1708,1504,1104,3,2,7,358,18.0,11.03,4.0,2,10,19,837,1.5387,585722.39
1702,1466,1096,4,3,8,269,24.8,7.05,3.94,4,12,10,384,0.8183,613346.7
1844,1745,1376,3,2,7,520,42.2,19.5,1.23,2,3,18,250,0.5963,612159.58
1614,1545,1314,5,3,10,455,32.2,8.58,3.93,0,6,18,684,0.3135,551016.48
857,769,635,1,1,3,213,36.2,22.81,1.72,0,3,17,601,0.6885,221652.91
1203,1159,849,3,2,5,200,5.5,15.03,0.96,0,8,18,166,-0.3992,418809.29
1806,1621,1235,5,2,9,686,14.7,22.43,2.31,2,5,19,452,0.1738,631302.8
1163,1038,997,2,1,5,637,7.8,27.19,3.75,0,11,19,551,0.7318,273942.81
1210,1229,1018,4,3,8,299,18.7,23.94,0.43,1,4,12,527,0.3534,410804.82
1665,1284,1266,3,1,6,453,16.5,5.98,2.04,2,8,12,774,-0.6397,663611.2
1575,1296,1053,5,3,8,336,21.2,20.23,9.09,1,12,20,223,-0.5467,483948.58
2188,1906,1179,4,3,8,519,12.9,35.7,1.83,2,12,3,994,-0.0166,721542.92
1914,1875,1342,4,2,7,370,11.4,21.23,8.66,1,3,13,434,0.1396,644616.71
1374,1265,1119,2,2,6,384,38.7,26.41,1.88,0,11,16,507,-1.0275,338492.16
1665,1450,1309,5,2,8,545,28.5,40.53,1.12,2,3,15,681,0.2292,494331.37
588,583,431,3,4,4,151,6.4,15.15,6.57,1,1,19,308,-0.4099,230569.5
1210,1039,783,1,2,3,286,5.8,10.96,6.43,0,7,17,666,0.6404,406446.26
1520,1254,953,4,4,6,392,14.8,17.61,1.93,2,11,5,349,-0.6928,428873.88
694,612,459,2,1,4,242,10.4,18.84,0.77,1,6,8,800,-0.7352,208629.39
1429,1410,1026,3,3,6,433,5.2,2.46,2.31,0,10,12,361,-0.7484,670671.79
1747,1653,1325,3,3,5,560,11.9,7.84,2.45,1,8,22,319,0.3325,681538.99
2298,2053,1707,5,4,9,650,17.3,16.75,0.51,1,12,19,723,0.5351,948551.31
1842,1590,1478,4,3,6,505,11.1,11.53,3.46,2,6,8,424,0.5816,611663.1
3094,2670,2128,5,4,7,969,15.5,19.21,1.75,3,7,14,960,-0.3436,1408712.42
2731,2374,2165,5,3,8,808,6.0,14.0,1.75,4,8,18,687,-1.471,1252307.6
903,820,691,2,2,5,264,7.8,10.32,2.44,1,2,19,926,1.5652,268367.2
1478,1275,1161,2,2,5,288,5.7,13.15,1.03,1,11,17,808,-1.2218,531849.2
1515,1367,1179,3,1,5,546,8.2,36.62,2.35,1,12,19,694,-1.2979,439256.83
1652,1535,1075,3,2,5,408,9.4,8.17,2.46,2,7,19,473,-0.0883,564396.54
1309,1020,988,4,3,8,606,13.7,30.48,1.96,0,8,14,823,1.0558,427093.11
1981,1769,1554,3,3,6,534,4.0,7.89,4.69,2,10,22,147,-0.4079,794020.12
2077,1799,1502,2,1,6,555,32.1,20.9,1.9,3,3,8,307,0.4405,633451.25
938,701,708,2,2,5,220,11.0,17.93,1.35,0,7,21,830,1.611,328768.32
2228,2071,1399,4,2,7,747,27.7,12.55,2.25,2,10,26,256,-0.4593,909762.58
1276,1164,994,3,2,6,347,4.1,6.28,3.63,0,2,13,236,0.2392,553476.95
2316,2119,1813,4,3,8,614,5.2,37.76,3.3,2,6,0,176,0.0856,930373.02
1950,1702,1550,4,3,7,611,16.8,34.39,1.64,2,1,21,641,1.0939,734897.94
1529,1441,1073,4,2,6,546,4.0,15.15,3.03,1,2,18,198,0.3558,516448.68
3209,2845,2392,6,5,9,1099,14.6,6.37,2.45,1,8,21,200,0.4167,1630401.88
2185,2012,1245,4,3,7,799,25.3,9.84,0.9,1,8,17,757,1.5564,856116.18
1618,1341,1288,4,2,5,473,18.5,7.48,2.06,0,5,15,516,0.1617,611292.4
1746,1477,1221,3,2,6,446,3.1,9.59,4.87,0,1,24,691,1.2379,723574.5
3726,3491,2736,6,4,10,1230,16.3,16.44,4.08,3,1,18,450,0.6804,2054144.81
2627,2350,1892,4,1,7,754,30.7,17.84,9.34,3,7,3,701,0.5803,1024404.21
2231,2016,1385,3,2,6,565,5.4,5.5,3.15,2,3,19,875,0.139,963381.4
1725,1642,1278,4,3,8,453,17.2,9.71,4.51,1,4,36,836,-0.5065,592912.09
1948,1832,1307,3,1,6,572,17.2,14.09,3.56,0,2,17,149,0.8313,635932.4
1685,1511,1336,2,3,5,609,40.2,26.49,2.21,0,6,11,322,0.3421,453024.15
938,831,748,3,2,5,455,21.3,8.88,1.56,1,5,16,632,-0.8242,378043.13
2181,1905,1682,4,3,8,643,16.1,31.49,1.04,0,6,23,382,0.5757,813462.34
1850,1626,1344,4,3,7,616,30.5,33.44,3.19,1,1,15,708,-0.6902,570378.18
997,861,658,4,3,7,462,3.9,9.69,3.14,1,8,28,541,0.2115,397794.01
1278,1197,1008,3,1,5,245,9.2,13.78,3.51,0,2,9,939,0.3312,403760.15
1467,1301,1002,3,3,6,340,12.9,8.61,2.59,0,11,22,920,0.2942,539046.53
1793,1617,1360,2,1,5,558,10.0,14.29,3.63,1,6,19,494,0.437,589914.93
2930,2559,2217,5,3,8,803,5.0,9.84,3.45,3,8,4,604,-0.6001,1394295.91
1610,1432,1070,3,2,5,526,10.4,8.11,4.74,0,4,8,117,1.5875,526099.16
811,783,553,1,1,3,155,17.5,10.78,0.75,2,1,9,847,-1.9432,254225.45
2009,1598,1439,3,3,7,570,10.0,28.64,0.57,1,11,9,661,-0.1254,671883.13
1509,1383,914,3,3,5,484,16.4,6.11,3.84,0,7,13,871,0.2257,532463.6
869,758,788,2,2,6,420,11.0,13.99,1.27,1,3,15,442,-0.208,316589.19
720,644,520,2,2,4,208,24.6,5.14,4.1,0,9,23,537,1.3717,325702.58
1102,1118,800,1,1,3,392,8.3,11.78,0.24,1,10,17,236,-0.8628,297528.27
1827,1703,1195,4,4,7,516,11.5,19.74,1.94,1,8,7,634,-1.4639,589404.07
1227,1080,792,3,2,6,530,11.0,11.95,3.99,0,4,17,549,-1.7317,394093.37
1974,1847,1565,5,3,8,532,46.4,4.48,3.08,0,1,21,674,1.1024,890824.26
1450,1150,1078,4,2,6,489,16.5,13.63,1.17,1,5,21,474,-0.0325,482097.52
1706,1540,1324,4,3,6,572,15.3,19.61,2.19,0,7,12,249,-0.8078,573333.08
2046,1789,1415,5,4,9,538,14.9,16.74,1.17,2,4,22,498,-0.175,801454.7
1959,1871,1281,4,2,6,486,25.7,6.43,1.12,3,7,22,170,-0.6439,818838.41
1107,954,882,1,2,3,325,4.7,23.79,0.48,2,3,20,573,1.1162,333661.46
3142,2926,2549,6,4,9,1004,9.7,5.17,3.2,2,9,25,550,0.3149,1669980.97
801,783,707,2,1,5,436,19.5,37.96,0.66,0,5,8,407,1.1015,148062.96
1498,1360,1060,4,3,8,358,3.5,10.13,4.16,1,5,22,964,-1.8235,618285.47
1119,949,879,3,2,5,348,6.6,13.67,1.67,0,9,11,606,0.7667,364331.07
2427,2230,1888,6,4,9,754,1.5,15.32,1.42,0,11,11,815,1.0472,1088612.04
1011,850,566,3,2,4,243,14.9,16.44,0.55,1,4,11,509,0.9631,338004.21
1114,1021,878,2,2,5,318,13.9,29.47,6.3,0,8,4,269,0.634,338803.77
1074,868,733,2,2,5,236,18.1,17.41,2.82,0,1,0,386,-0.4706,336639.56
988,990,526,4,2,6,281,9.0,15.2,4.4,1,4,8,579,0.1397,315813.99
1309,1218,1122,2,2,5,427,9.5,7.81,4.4,1,9,15,519,0.6311,515018.94
1704,1703,1035,4,2,7,623,3.1,17.23,1.71,1,7,24,547,-0.2494,580251.56
1140,1027,881,3,4,6,334,30.0,24.66,2.52,1,1,10,384,0.1065,317947.64
884,846,462,2,1,5,248,10.3,14.04,5.64,0,8,6,456,-0.5443,257414.73
1450,1258,1084,3,3,6,569,29.1,22.24,2.72,0,4,23,471,0.5978,434081.23
1575,1376,1225,4,2,7,319,7.6,7.39,1.27,1,5,10,880,-0.9823,649039.38
2042,1738,1617,4,2,8,444,55.1,13.85,2.64,1,3,21,732,0.7863,816643.76
1199,1033,901,2,1,5,376,12.5,7.24,1.63,0,11,14,661,-1.071,433332.97
1491,1357,1375,3,2,6,376,31.9,13.96,4.53,2,7,26,525,1.7607,424315.71
2186,1916,1646,5,4,9,760,11.0,6.73,5.13,2,5,14,116,0.7588,938361.7
1125,875,929,3,2,5,370,40.1,16.37,1.26,0,7,21,983,-1.1408,353031.83
1539,1385,974,2,1,6,451,10.2,8.89,3.24,0,5,6,223,0.6639,567968.93
1403,1296,988,3,3,6,613,23.6,18.5,0.48,1,1,15,193,1.9511,446341.26
961,806,719,2,2,3,449,46.3,8.62,3.82,1,10,19,922,0.5509,351638.57
1529,1432,1131,2,1,5,255,43.4,15.41,1.06,1,9,26,517,0.8468,433071.71
2359,2219,1762,4,1,7,782,30.4,9.61,1.94,1,10,17,888,-0.8343,922388.68
3493,3296,3022,6,3,9,1170,10.4,14.31,3.25,1,11,17,256,-0.2394,1900462.84
961,881,727,3,1,7,224,9.2,25.52,1.27,0,1,21,372,-0.5982,254595.48
2208,1924,1603,4,3,7,615,14.7,19.66,1.37,2,6,21,417,-0.2732,834383.85
2354,2237,1735,5,3,10,679,9.6,20.97,6.89,2,5,13,110,-0.1641,911146.55
2441,2273,1638,5,3,8,703,5.5,6.28,4.01,1,9,10,334,1.4806,1096801.84
1369,1278,969,3,3,6,624,1.3,17.52,3.51,2,2,24,571,-0.0849,594196.93
1781,1646,1242,4,3,7,654,26.7,14.48,0.83,0,8,10,131,-1.4874,599552.09
1288,1246,882,3,2,7,277,2.9,14.21,0.57,0,5,18,507,0.6325,406002.89
1941,1830,1577,4,2,7,535,10.5,9.56,2.69,1,10,11,772,1.2327,723474.98
2427,1982,1922,4,3,8,770,8.1,28.33,3.55,2,11,25,804,-0.4128,989486.34
1463,1440,1083,2,1,4,562,9.8,11.99,2.12,2,5,21,609,0.5228,592595.63
1724,1525,1355,4,2,7,454,5.7,13.03,0.93,2,7,16,659,-0.0288,598685.87
2155,2014,1746,4,2,9,608,4.3,41.58,3.91,2,6,14,988,-1.1815,818263.35
2051,1912,1598,3,2,7,616,19.9,4.17,1.58,2,7,14,740,-1.3198,907544.85
1266,1136,1010,3,2,6,259,14.5,14.46,3.09,1,4,34,231,-0.4693,404683.21
2578,2315,1779,4,2,7,890,5.2,25.09,4.73,0,3,18,518,0.0945,1063031.62
1891,1582,1274,4,4,8,645,27.0,15.32,1.92,2,3,15,941,0.2323,622243.52
1684,1525,1238,3,3,6,542,15.1,8.64,4.04,1,11,15,707,0.7654,572927.73
1618,1555,1207,3,3,6,523,21.1,11.31,1.29,2,1,13,597,-0.3432,615711.28
2038,1768,1376,4,1,7,650,2.5,17.73,2.14,1,8,21,358,1.7802,716571.66
2288,2101,1773,6,3,9,690,5.6,12.87,1.45,3,6,6,698,-0.4011,988158.99
1024,928,773,3,1,5,387,16.6,7.01,3.95,0,8,9,558,-0.0978,417849.55
1179,940,862,2,2,4,190,9.3,25.92,1.38,2,12,21,534,0.428,356309.43
873,827,553,1,1,4,252,10.5,20.87,0.73,1,4,11,157,0.7386,238735.18
1866,1842,1119,3,3,7,687,17.1,15.15,0.85,1,3,13,159,-0.1287,663678.78
1829,1673,1380,3,2,5,593,14.2,8.44,0.81,1,8,15,827,-0.3742,700125.5
1415,1076,1113,2,2,5,503,9.8,28.04,2.01,1,2,17,129,-1.159,420432.13
1089,926,692,1,1,4,183,21.2,18.33,3.51,1,10,20,689,-1.0047,255441.96
2529,2450,1681,4,3,9,749,19.5,27.95,1.14,1,8,17,409,-0.477,1029543.19
2799,2378,2162,6,3,9,808,9.4,4.58,2.28,3,3,26,629,0.2933,1404980.3
2779,2594,1995,6,5,7,772,11.5,20.62,0.52,4,1,14,774,0.6637,1205976.15
1628,1413,973,3,1,5,338,11.6,9.91,9.09,2,1,16,582,-0.3418,561665.15
1680,1601,1343,4,4,8,458,5.0,11.11,4.76,1,4,22,987,-2.6729,706588.46
1679,1449,1038,3,3,5,486,13.7,5.66,4.6,1,1,19,173,0.4716,660522.6
1526,1388,1191,4,3,7,596,13.6,24.45,3.69,1,8,6,447,0.055,435722.47
1041,751,728,2,2,3,205,7.6,7.48,1.08,1,7,28,922,-0.3852,414782.17
1294,1171,895,2,2,5,394,19.9,14.7,3.14,1,11,19,632,-0.7372,393195.86
2128,2060,1516,5,3,8,630,15.8,18.72,3.93,1,11,14,363,-0.166,754071.66
1598,1303,953,3,2,5,525,12.2,6.78,3.71,2,10,19,221,1.3541,604904.21
1354,1265,895,3,2,7,431,7.6,9.64,1.54,2,3,19,150,-0.6463,484021.12
1465,1478,890,2,2,4,418,3.7,22.4,2.14,2,6,17,621,-0.7594,456007.26
2952,2716,2194,6,5,9,728,20.2,12.01,0.49,2,8,9,978,1.0934,1404378.9
2692,2582,1974,5,4,8,758,1.7,23.79,0.33,2,1,16,149,-0.5665,1265406.23
2353,2067,1796,4,3,8,797,32.1,15.49,4.11,1,10,28,552,-0.1379,955073.62
1702,1515,984,2,3,5,585,17.3,15.61,4.88,3,4,18,877,-0.6971,524333.95
1048,920,949,3,4,4,337,46.0,19.49,0.79,1,7,17,555,-1.0799,285781.26
1712,1431,1320,2,2,4,414,5.7,2.27,0.53,3,10,17,883,0.3739,814662.3
1429,1253,1038,4,3,8,684,16.8,25.09,3.68,3,5,19,655,-0.704,490941.58
1987,1717,1504,4,2,7,726,18.1,13.98,0.8,3,6,14,663,1.7145,692985.72
2289,2077,1470,2,3,4,510,3.4,23.95,3.21,2,2,6,959,-1.2108,901234.08
1260,1193,989,3,2,7,458,10.8,10.18,4.19,1,5,6,125,-0.0712,451110.03
2538,2155,1919,3,1,6,916,21.1,28.1,2.13,1,12,7,719,-1.2338,927015.72
1633,1429,1403,4,2,7,500,38.9,29.63,2.8,1,4,13,115,-0.201,542531.02
1651,1524,1129,4,2,7,607,5.9,8.05,2.75,2,7,15,683,1.0464,628716.69
1316,1226,967,2,2,5,454,18.9,33.41,0.56,1,8,18,729,0.6181,392926.73
1499,1230,987,2,2,5,503,21.3,11.54,2.94,0,8,18,438,0.5796,557530.26
1653,1534,1267,3,2,5,688,9.4,20.08,1.98,1,12,26,564,-0.1119,503758.15
1492,1295,1159,3,2,7,419,15.8,26.28,3.02,1,7,19,728,-0.7142,466839.82
1432,1335,898,3,1,6,385,7.7,6.86,0.35,2,1,9,716,1.4906,546187.19
1394,1401,1186,2,1,5,476,9.4,24.95,2.85,0,1,8,482,-1.09,376501.3
3265,2920,2241,5,4,9,1018,27.4,8.06,3.59,2,8,17,870,-1.4175,1635825.39
1489,1386,1104,1,1,4,440,22.1,13.41,1.67,2,1,28,821,0.3009,458581.7
2085,1789,1430,3,1,6,786,11.5,13.02,1.02,2,11,10,179,-0.5771,844783.56
1644,1539,1185,3,2,6,470,3.1,18.89,1.62,2,5,7,678,-0.5014,613838.73
576,541,581,2,1,4,309,9.2,10.98,3.3,1,10,19,562,1.4699,343006.15
4500,4158,3291,6,5,8,1416,16.6,15.28,1.29,3,1,25,323,0.4113,2918727.5
1601,1473,1260,4,2,8,523,9.1,6.21,0.96,2,7,27,184,0.4872,682836.91
1319,1226,969,2,1,4,373,6.8,14.03,1.13,1,1,20,487,-0.8487,421119.92
2535,2068,1812,4,1,7,683,35.9,16.03,3.82,2,6,23,816,-0.547,989806.53
2690,2287,2189,4,3,8,739,38.4,20.03,2.7,2,7,17,516,0.2312,1136225.99
1310,1231,1008,2,2,5,537,12.5,14.08,2.36,1,10,29,663,-0.2945,423903.52
1196,1082,659,3,2,5,341,25.2,6.96,3.72,0,1,28,496,-1.397,424480.01
1173,957,758,3,2,6,336,2.6,11.83,3.56,1,6,15,636,0.4904,461155.46
1808,1592,1361,5,3,8,420,31.7,10.35,2.0,1,8,18,109,-0.408,710828.19
1694,1437,1085,4,3,6,426,22.1,31.64,4.25,1,11,19,188,0.6513,473000.26
2105,1937,1519,3,4,7,605,8.6,5.96,1.68,1,11,17,351,1.0402,967876.38
1537,1322,1068,2,1,5,362,20.8,13.86,2.19,1,5,19,679,2.0888,499367.93
1337,1194,953,3,2,6,502,13.5,10.67,2.43,1,12,16,500,0.364,454637.39
1668,1481,1302,3,2,6,368,2.3,8.78,1.9,2,3,20,150,1.0485,654752.01
1310,1056,994,4,2,7,505,16.4,11.1,1.0,2,2,15,677,0.1371,482147.36
2016,1851,1431,4,3,8,522,12.6,5.36,3.16,1,11,14,664,-0.6539,768671.5
1851,1548,1464,4,3,9,357,2.1,10.28,1.57,2,10,20,701,-0.4465,689686.17
1944,1793,1293,4,3,7,589,26.5,29.0,3.88,0,1,16,593,-0.9672,643630.47
1874,1709,1348,3,2,5,535,20.0,13.7,1.79,1,3,22,565,-2.4845,675001.51
1382,1161,899,2,3,5,475,14.6,36.8,2.39,3,9,14,599,-0.7072,430127.75
875,891,844,2,1,4,165,14.1,20.14,3.42,1,5,29,819,0.5315,263670.76
2493,2192,1818,3,3,5,780,5.1,10.99,2.96,2,3,25,641,-0.4451,1044497.13
2339,2176,1645,3,3,4,827,13.5,21.63,2.84,1,10,16,547,-1.0532,870072.71
1233,1195,1211,4,3,7,490,3.7,10.82,5.41,1,11,21,938,-0.3759,522312.08
2192,2084,1406,4,3,8,727,13.0,7.23,1.2,2,12,19,675,1.3785,898725.84
1689,1477,1055,2,2,5,676,12.2,10.87,0.62,1,11,29,398,1.8468,618732.78
1559,1280,999,4,3,6,243,43.1,11.69,4.3,1,6,19,603,-0.39,544890.74
1596,1443,1085,1,1,4,370,17.4,9.78,7.34,0,9,16,404,-1.6516,504930.75
1196,988,943,4,2,7,318,46.7,26.08,5.81,1,2,10,336,-0.5541,304228.0
1528,1421,1134,4,1,6,364,26.3,12.79,2.82,0,10,4,422,2.2147,400834.52
1629,1518,1178,4,3,9,631,8.3,15.78,2.43,2,9,25,311,-0.6651,590086.24
1718,1482,1351,4,2,7,624,52.1,10.43,1.88,1,9,3,842,1.6165,646377.15
1285,1179,933,3,2,6,343,22.8,29.38,1.63,1,12,17,101,-0.1793,363313.17
1829,1670,1254,3,2,6,573,15.8,19.6,1.24,1,5,20,904,0.1398,625463.0
1305,1177,1029,3,3,6,349,36.7,13.57,5.55,1,11,20,274,-0.0639,375136.37
1341,1320,1063,2,3,4,593,4.9,35.72,1.7,1,5,19,975,1.0338,423578.24
1645,1521,1144,3,2,5,329,54.7,13.67,1.02,0,4,13,410,2.2206,600049.26
1361,1175,1093,1,1,4,401,11.5,11.91,4.19,2,4,19,244,0.8138,470134.25
1114,858,943,3,3,5,394,26.2,16.35,6.48,0,5,14,489,0.332,336821.5
1329,1300,894,2,2,5,327,41.2,7.9,1.22,0,2,15,348,1.1001,534272.41
1251,1222,1067,1,2,4,380,40.9,14.47,4.37,0,11,17,256,-1.301,346814.47
1672,1504,1506,3,1,6,680,17.3,10.99,0.68,2,1,20,750,-0.2731,608835.76
2024,1844,1532,3,2,6,487,6.9,1.41,0.8,1,5,22,268,1.7555,950379.91
1960,1818,1368,4,2,6,502,21.0,27.66,5.64,1,1,9,819,-0.5284,577317.95
1263,1031,921,3,3,6,262,6.7,11.53,5.73,0,2,15,884,1.1487,455875.88
1409,1121,1036,2,2,5,384,12.5,21.74,3.85,2,3,5,546,0.2408,419624.73
1753,1739,1265,4,3,6,742,4.2,15.79,3.27,1,2,18,158,-0.2512,660410.55
905,766,810,2,2,4,324,37.2,13.23,1.44,1,12,21,520,0.3796,228058.9
2153,1948,1537,3,2,8,519,41.4,10.88,1.08,0,11,16,450,1.4233,792012.89
2446,2314,1609,4,3,8,634,19.9,6.8,1.92,1,9,14,815,0.7694,1042573.93
2032,1841,1512,4,3,7,787,16.0,5.14,5.13,3,8,15,363,0.4905,924766.66
743,642,528,2,1,4,263,6.5,3.07,2.63,1,11,21,517,1.0398,450422.62
1751,1487,1169,3,2,7,553,13.2,25.11,1.0,1,1,25,899,-0.4594,643980.71
834,832,720,2,1,4,221,13.2,2.73,2.05,1,10,8,116,0.3718,417619.79
2204,1915,1732,3,2,7,611,26.2,28.04,1.95,1,5,18,368,0.139,758661.39
744,748,657,2,2,5,308,10.6,31.63,2.68,1,7,17,736,0.206,203445.93
970,952,684,1,2,4,267,25.2,29.87,2.08,0,2,19,428,1.1996,257755.87
1806,1606,1258,4,2,8,561,13.6,15.9,2.32,0,9,12,830,0.119,609483.0
966,811,526,2,1,4,332,17.3,23.85,0.73,2,10,17,319,1.1857,306299.22
606,631,394,1,1,2,177,33.0,17.68,2.62,1,5,9,811,0.585,123089.52
1088,994,749,4,2,7,469,15.6,3.63,0.93,0,6,24,519,-0.2841,416928.27
1857,1529,1214,2,1,3,677,5.1,11.95,0.66,3,9,16,149,-0.6504,763739.99
1051,1024,650,1,2,3,495,30.6,12.25,2.63,1,8,17,583,-1.0429,341349.63
1083,866,768,3,3,6,696,17.4,9.36,1.37,2,9,18,773,-1.018,417199.95
1690,1429,1354,4,4,6,414,21.5,3.67,2.53,1,1,17,691,-0.6719,751072.09
1589,1427,1020,4,2,7,505,9.7,8.54,2.01,1,7,23,767,0.3417,592152.68
2458,2213,1916,5,3,8,673,30.3,8.57,1.54,4,9,19,161,0.4142,1089617.3
2146,1951,1517,5,3,8,490,14.2,2.19,6.3,2,9,7,545,1.2774,1067115.21
1413,1315,1182,2,1,5,327,34.3,22.6,3.6,2,7,14,752,-0.1844,401236.61
1239,982,903,1,1,4,358,24.5,11.83,1.07,0,10,7,323,-0.9876,350392.63
2319,2131,1631,3,3,6,655,8.3,22.05,0.73,2,2,22,750,2.0661,940823.11
1253,1105,812,2,1,4,361,8.7,23.35,2.07,1,7,15,320,-1.3886,399833.29
1082,922,766,2,3,6,364,6.7,17.55,3.33,2,5,6,876,-1.1788,365606.64
1872,1762,1547,5,4,8,525,22.4,8.24,12.0,1,9,14,628,0.295,657745.57
1286,1173,734,2,2,4,425,16.1,8.1,0.82,1,1,9,899,0.3946,394114.07
923,854,669,1,2,3,271,17.2,25.32,2.24,2,11,16,665,0.1017,258421.23
1974,1699,1630,5,4,8,707,1.4,33.55,1.76,0,5,8,817,1.1253,743996.81
2183,2080,1535,3,3,5,716,8.9,10.24,6.35,1,3,14,234,1.837,905155.58
1044,1035,767,2,1,5,244,9.6,26.46,3.45,3,7,18,757,2.8682,326231.74
1399,1211,1070,2,1,5,437,2.5,9.36,4.25,1,7,13,332,0.6929,482980.46
1347,1136,955,2,1,6,429,20.7,15.53,4.09,2,1,15,847,-0.8161,374519.66
1504,1348,1108,4,4,7,625,27.4,12.59,0.82,1,10,15,956,0.8955,536447.14
1362,1192,1114,1,1,4,318,9.4,8.15,3.44,1,10,17,863,0.5867,507972.35
939,976,651,2,2,4,396,24.6,14.88,2.14,0,11,7,218,-0.5936,266047.89
1613,1355,1104,4,3,7,600,6.0,19.56,1.84,3,10,19,896,-0.5199,583413.76
1419,1245,1138,2,1,6,417,8.0,14.24,1.67,0,12,12,211,-1.7355,436459.44
1672,1567,1105,3,2,6,483,35.4,7.18,1.14,1,7,18,510,-1.0511,665424.29
2014,1939,1542,3,2,6,558,2.5,10.24,3.49,0,8,23,410,-1.891,780299.83
2125,1803,1649,3,1,6,479,19.3,19.49,1.37,2,12,6,288,1.823,762926.52
1855,1508,1402,3,2,5,643,28.4,21.3,0.72,1,4,10,947,-1.1043,661734.63
635,536,561,3,4,8,150,17.5,14.65,3.74,1,7,20,965,-2.0604,279149.15
1110,1091,779,2,1,6,283,17.1,12.78,6.53,1,10,14,656,1.4408,355576.13
1648,1618,1199,3,2,5,385,15.2,14.88,0.67,1,10,12,142,1.6234,563785.34
2132,1985,1405,4,3,7,602,12.9,14.15,0.83,2,8,14,533,1.8955,791811.75
1113,1081,663,3,1,6,335,9.8,9.23,1.54,0,4,13,452,-1.92,403323.05
1213,1072,826,2,3,6,381,37.9,16.43,1.6,0,7,13,963,0.963,318759.07
2930,2699,2153,4,2,8,921,13.9,5.15,2.23,2,7,21,290,-0.5279,1398526.3
652,521,552,2,1,5,240,34.2,25.63,7.97,0,8,20,931,1.1683,125810.05
1420,1293,1033,3,2,6,384,16.4,11.05,3.42,0,7,16,518,-0.5175,539895.18
1259,1091,1098,1,2,3,306,21.4,20.44,1.39,1,10,21,329,0.0993,317200.93
1382,1221,1043,2,1,3,461,12.3,21.91,0.21,1,10,15,206,0.3907,460773.69
1407,1217,1140,4,3,7,610,8.1,8.44,2.05,1,5,24,385,-0.4082,537033.93
2002,1865,1371,5,4,8,590,22.1,9.23,6.46,3,12,25,938,0.1127,777060.25
2234,2156,1699,4,2,8,498,28.0,2.86,2.88,1,1,20,128,-1.2425,937750.3
4500,3588,3236,6,4,10,1075,3.7,5.42,7.87,3,3,16,320,1.5456,2957268.82
3003,2852,2260,6,4,8,732,17.8,15.13,0.92,1,3,16,504,-1.3529,1410534.15
1568,1411,961,2,2,3,632,18.4,2.08,2.15,0,10,8,511,-0.8968,729972.48
1751,1513,1020,2,3,4,668,18.4,15.71,3.44,2,9,33,642,0.1181,566722.62
2320,2211,1597,4,3,7,576,3.0,18.03,1.89,2,2,21,856,1.3616,902224.43
4099,3883,3216,5,3,7,1138,30.1,28.85,2.23,2,8,9,522,0.7189,2416368.5
1504,1354,1080,3,2,5,327,11.3,18.79,2.97,2,11,11,995,0.3653,465417.02
1849,1676,1241,4,3,7,570,5.4,30.12,2.03,1,11,8,185,-1.1916,681987.9
1506,1345,1070,3,1,5,513,11.7,10.23,3.03,1,6,18,288,-1.4398,561012.37
2440,2192,1567,4,2,6,856,50.1,1.57,1.8,3,6,19,954,0.6541,1325635.06
996,952,693,4,1,6,458,9.1,10.88,2.38,1,7,16,278,-2.1416,369580.72
1691,1466,1222,3,2,6,660,19.2,5.59,4.7,1,11,15,181,-0.173,653958.82
1008,795,763,1,1,4,395,23.5,14.1,0.63,1,5,22,204,0.8449,269054.18
1769,1575,1351,4,3,6,702,7.5,8.0,0.98,0,12,22,404,0.9747,742961.49
2129,1926,1632,4,2,8,611,5.0,6.36,2.77,2,11,15,354,-1.2072,960241.77
1396,1225,995,2,2,5,323,4.1,11.24,1.73,0,6,8,459,0.8148,457411.28
1481,1221,992,4,3,7,400,6.0,17.59,0.37,1,8,14,850,-0.5363,517008.46
2396,2234,1650,5,4,9,697,24.4,17.12,0.52,0,3,18,855,-2.4109,981922.56
1548,1394,1154,2,1,5,551,15.2,21.11,3.51,1,11,15,142,-0.0026,464426.2
1959,1927,1120,4,4,7,523,14.4,6.57,0.52,1,4,22,697,-0.5787,852182.68
1477,1351,1136,1,1,3,561,48.4,1.39,5.8,2,9,18,878,1.9262,695212.36
1158,1095,840,2,3,6,176,5.8,22.52,1.17,0,12,18,124,-0.5899,317239.76
1388,1080,910,3,3,6,385,4.2,10.52,5.13,2,11,16,621,1.3373,531264.11
3361,3101,2543,6,2,9,1003,10.1,13.76,2.06,2,9,17,487,-0.9805,1684110.33
1456,1246,1055,3,2,6,627,16.3,10.87,2.24,0,3,24,441,-0.2137,481334.87
1641,1443,1067,3,3,5,447,51.9,11.0,0.85,1,6,21,101,1.6781,543837.39
2454,2439,1907,4,3,7,796,0.1,7.94,0.93,1,1,27,789,-1.0024,1135808.98
1835,1788,1378,3,3,6,661,20.4,24.68,4.76,3,12,15,697,-1.5112,543494.88
1946,1731,1458,5,5,9,617,8.3,12.06,4.77,1,11,20,312,-0.3365,692004.4
3608,3198,2575,6,4,11,979,6.2,19.77,2.96,3,6,20,504,-0.5115,1941989.24
2229,2072,1776,2,1,6,494,11.7,16.87,2.62,2,1,14,687,0.4776,742835.54
1214,1058,877,3,2,5,407,10.0,15.42,2.19,1,10,15,671,1.9887,412080.03
2049,2041,1387,4,2,6,765,15.7,9.78,3.39,1,5,10,796,0.9671,829675.02
1308,1070,864,1,1,3,458,21.3,6.43,3.71,1,5,14,210,0.4879,421226.58
1426,1333,1204,4,4,6,522,20.9,6.22,1.97,2,6,11,722,1.4018,578879.38
2348,2048,1537,5,2,7,655,23.8,9.34,4.26,0,11,15,713,0.3832,915403.1
1650,1436,1128,2,1,6,468,3.3,19.55,6.12,1,2,24,349,-2.7289,576119.38
1454,1382,834,1,1,3,457,8.1,13.38,2.26,1,9,25,631,0.9434,443649.62
1321,1193,1039,4,3,8,381,31.0,14.68,3.34,2,3,21,565,1.1311,349742.04
1694,1469,1228,3,2,5,363,15.2,22.32,3.72,2,8,35,910,-0.1416,560910.42
1464,1486,1167,3,3,6,535,22.1,6.23,2.82,1,10,23,397,0.2235,510822.02
2264,1964,1829,3,2,5,675,23.3,19.05,3.72,2,7,20,470,0.3359,877817.02
1729,1587,1154,4,3,8,449,9.9,17.3,1.57,1,12,20,637,-1.8136,600433.39
1525,1266,887,4,3,7,390,14.6,9.98,2.04,1,7,13,743,0.3707,449416.92
4500,3528,3481,6,2,10,1382,20.6,10.39,1.06,1,11,19,246,0.6581,2894148.78
1801,1679,1521,4,4,9,397,14.2,9.22,0.45,1,5,24,453,-0.8231,680249.21
1249,1265,1020,2,1,5,399,8.4,13.41,2.61,2,9,15,430,-0.9401,403507.04
1041,961,732,2,2,5,302,3.9,10.38,1.71,1,7,18,294,-0.1201,340218.82
1081,882,907,2,2,5,150,10.6,18.41,2.47,1,10,19,618,0.7407,371095.54
994,989,651,2,2,6,453,8.9,12.49,0.99,2,4,24,710,-2.1074,259942.72
1556,1230,1182,3,2,6,374,22.0,13.83,5.31,0,5,20,661,-0.8014,459890.44
1590,1493,1088,3,3,6,544,6.3,15.0,10.08,1,2,25,597,1.8462,585799.83
1978,1873,1319,3,3,6,562,8.3,11.16,3.84,1,11,21,136,-0.0968,721289.63
1125,1001,885,2,1,3,288,20.8,10.96,2.07,0,6,24,264,1.6543,287115.63
1360,1204,903,4,3,5,471,7.6,9.98,3.04,1,3,15,369,-0.1344,436997.49
1308,1174,877,3,2,5,310,6.5,6.31,2.3,0,5,15,798,0.7024,506159.0
2855,2526,1952,5,2,8,931,37.5,19.25,2.92,3,1,16,419,-0.1852,1255085.74
1684,1687,1412,2,1,4,615,36.7,11.36,2.26,2,2,12,353,0.966,569465.96
1870,1738,1344,2,1,4,416,5.2,14.65,0.79,1,12,14,681,-0.7724,614014.48
2368,1992,1603,5,3,7,697,31.1,7.66,0.94,1,3,13,807,-0.0916,1029011.94
1737,1413,1115,4,2,8,580,11.1,19.18,4.5,1,5,23,367,0.2424,554492.4
1569,1441,1230,3,3,6,273,22.4,25.9,1.66,1,1,17,495,0.3438,461701.2
1377,1128,913,3,2,5,327,53.3,33.17,3.05,0,5,18,963,-0.7273,487755.14
1446,1442,1020,3,3,5,474,10.7,16.7,1.41,0,7,19,540,0.6307,433447.16
1581,1354,966,3,2,6,308,2.6,13.43,4.07,0,12,22,937,1.4981,493204.65
1475,1351,1333,3,1,5,490,3.4,15.48,3.6,2,7,15,643,0.0846,491182.32
1477,1303,1042,3,3,5,405,5.4,11.92,1.11,1,7,9,242,-1.3427,561430.24
3124,2811,2060,6,3,8,1060,10.4,11.4,1.47,4,4,22,594,-0.5666,1475324.66
1005,832,805,2,2,5,255,17.6,15.8,1.01,2,10,23,905,-1.4024,302927.86
779,766,532,2,2,3,201,6.2,14.22,3.69,0,6,8,934,-1.3066,279853.15
1829,1719,1274,5,3,9,480,31.3,4.21,2.3,0,10,25,179,-0.1647,698489.61
2596,2352,2010,5,5,8,790,17.2,10.2,3.77,1,6,21,121,-1.7321,1089633.85
1459,1393,892,4,2,6,225,16.0,16.76,2.08,2,3,12,927,-0.6114,442020.46
2148,2045,1564,3,1,7,636,17.7,8.51,0.63,1,11,21,116,0.8453,817008.26
2863,2501,2281,6,5,9,617,4.8,23.06,0.5,2,5,13,314,-1.9092,1398786.45
1480,1316,1108,3,2,5,247,26.1,13.82,6.15,1,7,20,307,0.0952,480234.05
1728,1668,1318,4,2,7,561,9.2,19.86,3.98,0,7,18,231,1.0493,586032.56
1204,1003,954,1,2,3,332,12.7,17.52,3.66,1,5,17,856,-0.3025,365080.65
1284,1094,942,2,1,5,319,8.6,18.69,2.12,2,5,11,240,0.5265,405488.36
1394,1419,972,3,1,5,408,11.9,10.09,1.1,2,2,19,625,1.5196,509959.53
2075,1769,1522,5,4,8,550,11.9,37.93,2.07,0,3,19,862,-0.3166,771437.57
2704,2429,2039,5,4,8,728,27.9,23.13,4.87,4,7,12,624,-1.0361,1176333.24
2044,1719,1537,4,4,7,427,47.3,9.4,0.39,1,1,10,504,0.9131,757996.57
1187,919,749,1,1,4,431,29.7,14.36,0.96,1,4,12,543,0.8441,361594.99
1222,1030,916,3,2,6,432,5.9,26.02,1.76,1,10,9,463,-0.8533,384505.72
1414,1370,955,2,2,5,527,11.3,10.36,2.95,0,9,17,355,0.7999,499896.53
1615,1448,1238,3,3,6,445,13.2,32.6,7.76,1,11,11,803,-0.2589,515009.22
1976,2011,1399,5,4,9,549,8.6,18.18,2.77,3,6,12,888,-2.766,713784.17
954,923,565,2,2,3,320,6.4,18.11,1.04,0,9,15,294,-2.2339,300365.79
1116,1061,881,3,1,6,312,15.2,12.19,4.39,1,10,12,479,-0.0152,278726.46
3014,2661,2091,6,3,10,1134,3.8,7.49,3.42,3,3,12,732,-0.266,1595675.82
1901,1628,1484,4,2,8,659,6.8,4.38,0.57,1,12,15,145,-0.4615,794412.49
1869,1754,1294,3,2,5,791,2.7,27.97,3.33,1,1,7,248,-0.8468,650655.52
991,956,719,4,4,6,342,38.3,11.65,2.19,0,4,5,339,0.4879,391875.47
2317,2097,1421,3,1,5,682,12.8,2.72,1.68,1,10,12,137,1.3246,981427.81
1958,1753,1338,4,3,6,648,8.6,24.35,1.28,1,11,17,457,0.9304,706199.03
971,864,737,2,1,4,253,4.3,4.24,1.48,1,2,20,800,1.3014,485809.96
1052,972,889,3,2,7,393,20.1,11.33,3.66,1,2,20,149,1.8415,371946.16
2024,1884,1102,4,1,6,615,9.4,10.5,1.46,1,7,13,375,-1.3533,775700.19
1023,936,674,2,2,5,380,8.9,12.06,4.31,1,6,22,673,-0.717,366118.24
2002,1882,1356,4,3,7,817,28.5,16.16,4.61,0,10,12,229,-0.2368,718826.53
1344,1201,936,4,2,6,389,9.7,33.58,1.4,1,10,6,880,-1.1788,344859.33
2049,1962,1571,4,2,7,663,30.3,11.56,3.07,0,4,20,524,0.4219,703627.28
2235,2081,1526,4,2,6,784,7.9,9.15,0.85,1,6,13,781,-1.2053,911542.75
3109,2804,2365,6,5,9,1041,3.2,31.14,1.87,2,3,18,109,-1.0796,1600497.35
875,833,559,2,2,7,150,21.9,26.6,3.47,0,3,4,169,0.0895,179148.49
971,788,676,4,2,8,314,19.2,17.24,1.4,0,8,21,845,0.739,240329.93
1563,1467,1376,4,2,6,386,5.0,18.08,1.66,1,3,12,471,1.8332,615331.88
2932,2649,2090,4,4,7,925,26.9,14.74,1.02,2,6,27,790,-0.475,1415364.77
1939,1545,1356,3,3,4,593,8.9,19.34,0.5,2,1,16,445,-1.5022,683703.95
1007,855,632,2,1,5,462,5.0,24.92,0.82,1,2,23,222,-0.0615,325185.54
2229,1986,1768,4,1,6,715,9.3,9.73,2.04,3,10,22,833,0.6214,901894.77
1577,1422,1235,3,1,6,480,28.2,14.35,7.23,0,5,16,462,0.5194,485154.95
2544,2225,2055,4,2,7,736,28.6,14.02,2.3,2,12,18,500,-0.881,1047859.84
1078,905,724,2,3,5,409,28.2,3.1,4.77,0,2,24,110,-0.1342,465569.02
2241,2188,1506,5,2,7,657,5.3,25.6,2.25,1,4,23,548,-0.6862,832313.78
2633,2357,1758,5,5,8,1005,24.3,3.6,4.48,1,9,11,383,-1.2585,1198106.58
1144,940,654,2,2,6,380,39.3,1.06,0.83,0,9,27,950,0.8209,500592.44
1703,1470,1129,3,2,7,678,16.5,22.56,2.11,0,11,19,717,2.6698,524081.27
1895,1938,1394,3,3,6,620,6.7,10.15,2.17,1,6,15,576,0.0733,741270.2
1741,1571,1340,2,1,5,412,10.5,23.58,5.78,0,3,19,913,1.9328,519158.48
1197,1058,897,2,2,4,495,6.8,5.18,0.84,1,8,17,180,1.0189,506152.44
2315,2090,1754,4,3,7,643,6.5,8.08,1.44,2,6,8,327,0.1171,1035734.32
1177,1013,828,1,2,3,343,9.2,12.82,2.46,1,6,8,809,0.135,346507.09
1674,1580,1149,3,2,8,470,31.1,13.84,1.82,1,7,25,747,1.1413,529902.06
1930,1773,1347,4,3,7,678,21.2,10.62,2.66,1,10,10,851,0.2612,689635.77
1844,1671,1096,3,2,6,739,44.0,9.35,7.25,1,1,9,240,-2.0274,597013.96
2002,1742,1529,4,3,6,450,17.9,17.67,3.48,2,10,14,823,1.5131,722430.61
858,713,595,2,1,6,372,10.8,6.07,5.35,1,5,21,329,0.3818,436240.77
730,633,590,2,1,5,231,3.7,25.77,2.54,1,2,26,722,0.7588,240139.73
1753,1630,1222,3,2,6,652,15.3,21.71,1.57,2,4,25,289,-0.5429,631777.5
1823,1695,1258,3,3,5,588,16.5,12.26,3.44,1,6,17,535,-1.0167,651489.54
2644,2416,2036,4,2,8,749,4.0,14.24,4.0,2,3,21,439,0.2966,1172757.58
1492,1422,1001,2,2,5,446,13.7,10.56,1.88,1,8,21,812,-0.5978,498743.9
1526,1467,1022,2,1,4,400,36.9,13.31,1.91,1,10,14,563,0.0945,453251.81
956,867,757,1,1,4,197,5.1,18.67,1.13,0,3,11,668,-0.7856,311964.45
1856,1549,1349,4,3,8,434,23.8,14.35,3.2,1,3,14,923,0.3583,607145.72
2669,2498,1520,6,4,10,921,59.0,23.34,0.6,2,1,22,766,0.2723,1245477.34
1404,1117,911,3,4,6,434,6.2,26.04,1.19,2,1,15,328,-0.2921,466293.56
1900,1753,1119,2,2,6,556,17.1,12.85,1.68,2,6,19,788,1.06,647362.68
2450,2125,1925,4,3,7,758,21.1,13.34,1.55,2,7,28,368,1.0159,1009708.28
2446,2318,1662,5,3,8,506,2.8,29.44,1.21,1,8,10,630,-1.5785,979287.87
2243,2122,1592,5,2,7,618,1.0,8.78,1.88,1,10,18,632,-1.1643,916151.53
2316,2155,1671,4,2,9,800,9.3,44.63,1.65,0,5,14,221,0.2515,830065.01
550,477,574,1,1,3,371,5.8,1.5,5.63,0,2,21,356,-0.3311,382053.43
840,736,564,2,1,3,247,4.0,13.03,3.37,1,12,20,802,-0.1015,242736.65
1840,1678,1414,4,3,7,447,15.4,7.82,2.2,3,4,19,340,-1.1812,781732.67
895,757,783,3,2,6,150,8.4,8.5,1.55,1,3,12,151,1.1182,417721.97
2273,2120,1766,4,2,6,769,11.6,11.65,3.5,2,8,5,543,0.3632,874045.48
1321,1218,900,4,2,6,452,13.0,15.98,1.88,0,4,8,262,-0.6682,476341.33
932,882,557,2,1,4,150,15.4,14.12,2.59,1,3,23,712,-0.2818,292525.56
2196,1976,1620,4,3,8,762,23.1,5.41,0.58,1,4,10,428,0.3075,983947.25
1288,1144,1242,3,2,5,294,38.2,11.1,1.11,0,8,17,742,-0.4817,407367.03
1145,960,828,1,1,6,353,43.5,17.5,0.39,4,8,18,286,0.2976,314267.92
2097,1759,1261,3,3,7,822,29.4,28.75,4.66,0,12,24,459,-1.8264,736857.34
1494,1387,998,3,2,7,461,11.2,23.69,1.92,1,8,14,757,-1.3163,436470.55
1058,921,849,1,1,3,301,3.6,2.93,4.57,1,4,17,101,-1.6856,492080.39
1101,932,686,2,2,5,715,40.2,3.58,3.36,1,2,17,976,-0.8053,515865.28
907,779,646,2,1,4,259,18.7,2.29,0.78,0,12,23,747,0.8205,482643.83
2848,2671,2191,5,4,8,794,13.1,6.65,2.3,1,11,13,691,0.0724,1360271.09
2552,2364,1932,4,3,6,787,15.5,18.85,3.02,2,12,15,205,-0.1113,1007305.73
1632,1485,1235,2,2,5,486,8.2,20.79,1.62,1,5,22,391,0.0845,559324.56
1264,1123,925,2,1,4,219,31.4,11.83,4.22,1,2,17,387,0.3273,289050.8
1902,1761,1207,5,3,9,658,19.6,25.67,6.85,0,2,19,285,-1.8158,625059.25
1497,1483,1150,4,3,6,404,38.8,5.48,3.04,1,2,24,207,0.3078,641692.31
2115,2025,1705,3,3,6,623,17.6,16.69,1.08,1,6,7,540,-0.5277,790947.83
2002,1655,1319,3,3,7,627,19.4,14.7,0.64,1,8,7,264,-1.0472,697961.01
1638,1525,1080,2,3,5,499,19.4,16.03,0.86,1,6,16,616,-1.0429,524468.67
1457,1385,1164,3,3,6,575,35.1,13.31,2.86,0,7,25,591,-1.365,431425.12
1983,1620,1281,3,2,7,412,13.1,31.66,2.38,2,8,8,510,0.4219,638796.22
1607,1412,1236,5,3,8,750,12.8,6.72,2.31,1,5,21,799,-0.6003,608078.29
899,764,708,1,1,4,242,4.5,5.1,3.06,0,2,10,672,-2.3069,399988.71
1773,1584,1227,2,2,3,677,16.3,20.33,2.3,1,7,19,442,0.5894,586708.2
3016,2636,2253,5,3,9,1011,4.6,15.47,3.05,1,12,9,129,-0.5495,1482495.12
1410,1169,995,3,4,7,611,5.8,4.57,2.87,1,3,8,143,-0.2257,647899.94
1762,1720,1353,5,2,8,731,7.6,35.55,1.87,2,6,4,361,1.0705,657239.01
1429,1242,1068,3,2,5,324,9.7,23.7,1.11,2,7,19,231,0.1611,487035.53
1772,1582,1300,3,2,8,657,33.0,10.38,5.52,2,1,13,132,0.4838,622957.85
1446,1238,1128,2,1,4,258,17.6,13.19,0.51,0,12,16,363,-0.3478,447636.51
3681,3222,2918,6,4,8,1032,18.9,29.81,1.41,2,11,28,798,-0.5416,1914275.49
1893,1727,1563,4,2,7,552,2.5,25.11,2.72,1,4,17,515,0.4337,630367.6
1627,1466,1112,3,2,6,460,3.4,10.67,3.43,3,4,10,347,0.2284,655254.95
1799,1619,1379,2,2,6,477,12.3,27.19,3.34,2,3,13,267,0.5578,573220.55
1669,1580,1032,3,3,6,415,13.3,19.01,8.69,1,9,22,208,-1.0846,483583.45
2698,2350,2305,5,3,9,644,19.7,13.65,3.34,3,5,0,329,-0.9093,1241455.86
1261,1128,955,3,2,6,281,5.6,8.43,9.06,0,8,27,643,0.0539,458877.44
1213,1090,907,3,1,6,296,4.2,15.51,4.87,2,5,22,404,-0.5265,388708.44
1957,1568,1368,4,2,7,682,32.6,18.68,2.16,1,11,24,165,-1.3679,610555.24
1498,1238,1118,2,3,5,403,15.5,8.35,1.21,1,3,26,820,0.4388,580867.31
1291,1130,844,2,1,5,547,13.8,4.47,0.67,1,4,24,679,-0.5083,525454.46
837,636,542,1,1,4,452,8.9,21.91,3.3,0,4,17,544,-0.9075,185438.51
1601,1467,1198,3,2,5,537,8.9,4.55,2.26,1,7,17,555,-1.6878,681559.11
1312,1183,913,2,2,5,323,9.8,15.17,4.67,1,9,27,664,1.2224,393163.37
2351,2262,1779,4,2,8,798,23.9,24.72,0.58,0,11,10,373,-0.5664,860943.15
1100,937,834,4,2,6,235,5.5,19.24,2.51,0,12,23,796,1.0508,279549.44
1862,1596,1339,3,2,5,712,9.3,4.64,1.8,3,2,10,211,-0.575,772880.87
1584,1456,1300,3,2,6,548,4.7,6.31,3.29,2,7,24,121,0.7918,631750.78
1272,1148,972,4,2,6,510,2.0,32.59,0.92,2,2,9,421,1.5175,471691.7
2529,2337,1632,5,4,9,959,22.5,14.66,2.85,1,8,16,156,0.527,1002631.79
2695,2474,2034,5,4,8,873,0.9,5.56,8.85,2,6,26,990,2.5156,1344201.84
1455,1223,1060,3,2,6,471,11.4,8.92,1.2,1,1,19,765,0.8246,538379.04
1505,1356,1152,3,2,5,508,16.6,9.86,0.46,2,1,23,462,-0.0358,536592.02
777,831,678,1,1,2,298,19.0,26.15,1.06,2,4,8,615,1.0137,234731.93
2243,1872,1659,3,2,5,548,6.0,14.11,3.91,2,5,23,343,-0.4601,912945.37
1542,1360,1462,4,2,7,588,27.6,19.93,1.32,1,6,20,738,0.53,484886.09
2445,2333,1848,4,2,8,760,16.9,5.78,2.84,2,12,15,692,-2.113,1096380.56
1402,1212,955,3,3,7,437,2.8,23.74,5.0,0,9,11,252,0.7847,503320.44
1981,1699,1355,4,3,6,575,8.5,11.21,0.97,2,9,19,673,-1.0843,841173.52
1917,1752,1412,4,3,7,379,27.2,8.41,1.48,2,6,24,994,-0.4933,757438.08
1955,1665,1299,3,2,6,512,11.8,25.8,7.6,2,9,21,169,-0.4415,705572.25
1403,1215,931,3,2,5,514,17.2,7.87,3.05,1,4,22,231,-0.349,537716.56
1302,1109,916,1,1,5,261,15.1,12.73,0.8,2,2,25,394,0.2827,442558.95
1103,1010,868,2,1,5,389,7.7,17.11,2.31,1,6,12,382,1.3203,324528.61
1751,1669,1314,3,2,6,425,7.8,11.83,0.98,0,4,13,294,-1.4642,607669.97
1217,1109,890,4,3,8,275,17.6,21.46,1.23,0,1,8,971,-1.8694,401936.31
1951,1732,1352,3,4,5,766,6.1,8.42,2.11,1,3,18,590,-0.4145,821216.05
836,740,615,2,3,5,228,11.9,12.0,1.09,0,3,8,209,1.9335,358759.51
2620,2416,1753,4,2,5,573,8.6,1.86,1.3,1,5,17,332,-0.9184,1332214.81
1961,1707,1337,2,1,5,710,22.4,8.36,4.16,2,11,13,312,-0.8154,736199.34
1673,1546,1083,3,3,4,677,5.9,3.65,2.62,3,1,17,750,0.2233,789402.0
1238,1067,909,2,4,5,568,2.4,12.83,1.76,1,7,21,880,-0.5549,402798.01
1223,1235,715,3,3,4,472,23.3,9.38,2.03,0,10,20,217,-0.4112,423009.95
1384,1254,986,4,4,8,374,8.8,14.39,0.75,0,4,15,359,2.0884,576387.39
2047,1778,1250,3,1,6,777,14.0,17.93,0.3,1,11,7,755,-0.1577,693851.83
1751,1503,1179,3,2,5,633,11.9,21.27,0.82,0,10,10,333,-0.7271,519477.1
1879,1710,1331,4,3,7,505,22.0,28.01,2.89,3,10,22,351,-0.0108,641666.95
2246,2292,1576,4,4,6,877,11.7,15.7,2.89,1,6,16,504,-2.3493,866533.04
2036,1996,1531,5,2,6,783,11.5,20.26,1.62,1,5,22,873,-1.0024,748211.91
2181,1926,1703,4,3,7,833,32.8,14.25,3.41,2,5,15,431,0.956,854958.29
1601,1330,1048,3,2,7,374,12.8,17.79,4.01,0,3,18,147,0.9651,519633.6
1135,1127,869,3,3,6,238,0.6,14.78,5.36,1,2,28,461,1.9937,432521.4
2660,2487,1953,5,4,9,821,1.3,25.15,2.68,3,4,15,315,-1.82,1191289.84
2579,2444,1677,4,2,8,684,10.8,20.0,5.34,2,8,17,702,0.1487,1114547.82
895,798,509,4,3,7,493,9.5,10.96,2.16,2,9,12,239,-0.1854,300419.38
1506,1352,1142,4,3,7,631,6.3,6.4,2.05,1,2,22,391,-2.3587,543807.48
3677,3360,2584,6,4,10,925,13.8,7.96,2.03,2,5,17,276,-0.5102,2059961.72
2556,2364,1749,3,3,6,888,11.8,28.1,8.5,2,5,17,705,1.5106,994716.28
2358,2053,1819,4,3,7,582,7.3,27.58,1.61,1,7,11,430,-0.3066,917261.76
730,570,453,1,1,4,256,39.3,9.14,2.16,3,3,17,453,0.2964,228943.63
1434,1154,980,3,2,6,497,15.3,16.68,2.31,0,1,14,147,0.4077,427497.99
1247,1144,1005,2,1,5,325,9.9,39.81,1.17,3,11,11,851,0.5256,393385.87
1571,1403,1062,3,2,5,453,18.0,25.6,0.78,3,7,10,911,-0.6331,523906.85
1579,1462,1096,2,2,6,358,7.7,6.18,3.48,2,10,16,203,0.161,641183.62
2343,1969,1787,6,5,10,550,17.9,14.97,2.1,1,10,15,630,1.3714,910309.27
1355,1211,891,4,2,6,390,38.6,14.1,3.44,0,8,19,533,1.6717,410888.27
1511,1333,1008,3,3,5,369,14.7,20.07,3.62,3,5,23,553,-1.1614,527990.24
1174,1146,888,3,2,7,373,13.9,3.36,0.62,0,10,15,821,-0.6812,524201.07
966,828,552,3,2,5,206,7.4,8.12,2.0,1,11,26,168,1.1153,346945.43
1844,1761,1479,4,3,8,592,11.0,24.53,0.4,1,10,14,944,-2.6705,632907.79
2375,2096,1612,4,3,8,791,16.0,7.76,2.89,0,2,24,675,1.4562,1003647.8
1600,1291,1187,1,3,6,596,13.2,23.21,0.93,2,8,10,370,-0.2847,447513.57
2652,2196,1810,4,4,7,938,11.4,14.97,4.32,1,4,13,966,-0.6381,1108344.2
1394,1279,833,3,3,6,150,13.9,7.78,1.9,1,7,19,133,0.0926,494293.34
1945,1780,1397,4,1,6,451,30.9,7.58,6.92,1,5,10,995,0.3867,678970.61
792,758,556,3,2,6,481,32.9,11.35,1.77,1,1,28,963,-0.3247,294025.41
1830,1613,1426,3,3,7,726,19.1,13.9,1.05,3,9,10,364,-0.0833,639182.17
2978,2815,1886,6,4,9,852,5.4,26.22,0.71,3,9,6,671,0.5763,1404577.33
1257,1103,903,2,1,6,550,8.7,5.31,2.7,2,5,21,553,0.66,550952.87
1915,1687,1451,4,3,8,618,15.5,15.58,1.74,0,5,14,953,-0.017,750400.11
1850,1683,1214,4,2,8,473,8.1,5.83,3.07,2,12,20,323,-1.4297,742199.04
1444,1278,865,3,3,4,348,25.0,17.69,0.83,1,4,26,942,0.3077,478142.11
1745,1591,1297,4,4,5,458,31.9,11.69,4.41,0,10,24,753,0.0595,646864.16
1501,1303,1046,4,3,8,569,14.7,22.85,3.43,1,6,14,698,0.6855,534524.22
1248,1122,955,4,2,6,369,24.7,35.03,2.0,2,7,12,998,-0.0718,308821.63
1593,1577,1102,3,2,6,493,19.7,7.67,6.11,1,6,16,918,-0.6037,517607.33
1446,1246,1150,4,1,6,449,12.8,12.35,1.66,1,9,17,613,-1.565,561242.76
1657,1532,1195,4,2,7,509,4.1,24.47,1.37,1,7,22,199,-0.1173,623979.68
731,609,597,1,1,4,290,25.8,6.42,0.84,1,10,13,160,1.0504,254037.89
1391,1167,1103,2,2,5,525,6.4,14.86,1.16,1,7,17,610,-1.1226,524533.37
2342,2124,1580,4,3,7,723,6.3,15.71,6.62,1,6,12,956,1.3196,956442.36
2029,1849,1559,3,2,7,594,6.1,1.78,2.5,1,9,21,339,2.1806,996556.03
2456,2214,1622,5,4,7,719,11.3,11.79,3.72,1,2,15,522,0.4879,1085053.43
1570,1440,1227,4,3,5,406,22.8,14.55,1.34,1,3,16,925,-0.4072,514616.52
2308,1944,1550,4,2,7,770,23.7,4.46,1.41,2,6,19,546,-2.157,1027459.33
2851,2690,1933,6,3,10,769,22.0,22.16,2.01,3,12,13,931,-0.248,1275204.01
1365,1243,1040,4,3,6,292,20.7,10.51,6.39,1,3,12,198,0.6288,508823.24
1552,1487,1185,2,1,5,519,28.2,28.48,1.83,1,1,10,213,-0.7541,429507.03
4500,4291,3376,6,3,11,1418,13.5,11.98,3.23,2,1,20,173,-1.3355,2825751.25
1368,1365,986,1,1,5,395,34.2,12.36,2.51,1,5,28,707,2.0332,332797.63
831,642,695,3,2,6,150,6.8,13.13,0.35,2,2,25,737,0.3176,361576.2
2790,2492,1915,6,4,10,1041,7.0,16.84,3.77,2,6,16,461,0.8285,1273013.26
1706,1400,1106,4,3,6,476,10.3,45.0,2.36,0,8,10,962,1.1356,581170.12
957,868,740,1,2,4,362,31.1,14.71,1.95,2,11,10,390,-0.1557,202283.23
1033,921,756,3,1,6,373,24.3,3.68,1.14,2,6,9,617,-1.0764,440936.17
1838,1561,1314,3,2,6,400,11.4,18.39,1.62,2,5,7,290,0.4805,630183.36
985,853,689,2,1,4,315,21.5,11.18,1.02,1,4,19,978,0.6461,197170.01
1215,1144,733,3,2,5,363,7.3,8.75,3.01,0,7,19,864,-1.6876,456546.59
965,923,717,2,2,5,289,3.8,22.94,0.83,1,11,17,883,-0.4411,316067.73
1662,1533,1144,4,3,8,563,30.2,9.34,3.83,1,2,24,722,1.3077,557004.59
1581,1415,1225,3,3,6,554,21.2,9.91,5.0,0,1,18,372,-1.7686,572169.48
853,717,601,2,2,5,357,4.4,32.46,0.57,0,12,13,751,0.8283,272818.62
2742,2478,1841,5,4,7,885,20.5,10.06,1.08,0,8,16,448,-0.8027,1265508.47
1131,964,911,2,1,6,410,25.2,4.38,5.48,1,7,15,136,-1.3774,477147.35
1381,1274,1242,2,2,6,382,10.3,23.42,3.02,1,8,19,102,-0.9862,371844.89
3347,3224,2545,6,4,11,1110,11.9,22.78,2.9,3,2,14,735,-1.5484,1717453.24
1494,1230,992,3,3,5,386,22.0,9.29,0.91,1,6,22,132,-0.9588,534494.53
1325,1128,998,3,3,6,353,30.6,24.9,1.36,1,4,12,795,-0.0996,338193.16
1308,1122,1029,2,2,5,305,9.1,16.44,1.59,1,1,18,871,0.8719,472524.22
2136,1874,1419,3,3,5,570,25.2,14.74,0.56,2,9,11,220,0.405,829482.37
1304,1163,886,3,3,5,279,18.1,15.21,0.7,2,8,12,177,-1.1213,409170.42
791,781,536,2,1,5,154,26.0,18.5,3.34,0,7,4,763,1.4474,122812.89
1007,927,539,2,2,5,401,26.8,11.65,1.74,1,7,22,457,0.3977,294308.4
1271,1222,984,3,2,4,497,18.1,9.48,1.04,2,1,13,468,0.076,403734.05
1505,1443,1127,3,2,5,447,10.4,13.49,1.16,2,4,25,632,1.87,489675.18
905,697,895,3,3,6,150,15.4,3.34,1.68,0,3,25,923,1.7777,474879.51
1672,1591,1307,3,2,4,535,16.7,10.88,4.4,1,11,15,645,-0.2063,614280.36
1338,1178,1213,3,3,5,436,6.1,15.21,1.88,2,4,15,234,0.1935,447868.83
1095,1057,952,3,3,6,372,12.9,4.06,0.79,0,5,17,462,-0.9985,544839.37
1441,1313,854,2,2,5,389,17.4,24.07,1.81,2,3,1,399,-0.0694,394894.71
3098,2744,2048,6,3,10,917,9.9,10.46,2.28,3,4,16,608,-1.8043,1534178.97
1401,1045,997,2,1,5,430,50.0,11.7,2.96,2,8,22,478,-1.2587,446479.92
1505,1336,1150,2,1,6,439,3.9,4.24,10.3,0,2,25,630,-0.8189,603096.32
2147,1902,1408,4,2,7,543,13.1,12.28,4.94,3,7,19,256,-1.9032,898614.15
1478,1328,1123,1,1,4,516,14.3,12.1,2.95,1,4,15,591,-0.7354,520420.49
1871,1701,1324,4,2,8,597,27.5,8.84,1.07,2,8,9,987,-1.0358,742780.52
1845,1714,1552,3,2,6,481,60.0,20.74,3.13,1,10,19,757,0.3051,639533.79
1005,772,818,2,1,4,516,6.7,12.73,0.81,2,4,15,527,1.2502,418728.33
1922,1674,1418,3,1,6,772,17.2,9.47,2.0,2,4,25,439,0.5453,725286.91
1263,1044,763,3,3,7,430,16.5,18.47,1.75,0,2,8,757,0.268,355633.78
1384,1179,881,2,1,5,519,11.8,18.85,3.44,1,3,17,639,-0.1514,363633.37
1559,1339,1308,2,2,5,400,32.0,20.99,0.64,2,10,12,346,1.5358,434695.14
1049,1023,653,4,2,6,281,29.4,13.84,1.66,1,9,16,460,1.0627,345959.45
2058,1920,1509,4,2,7,522,23.8,14.92,5.26,1,6,19,593,1.6597,720453.61
2121,1902,1369,4,3,7,757,11.8,3.76,3.36,1,6,19,839,1.0534,912123.89
3507,3093,2450,6,3,11,1185,10.5,25.35,2.14,2,4,11,272,-0.2336,1825869.93
1324,1166,934,3,1,6,496,8.1,1.06,0.87,2,3,8,713,-0.8813,635983.12
1404,1181,1158,2,3,5,162,39.6,17.55,0.65,1,2,16,692,1.5738,349471.17
2915,2718,2196,6,4,8,935,14.6,20.62,1.08,2,6,17,638,2.6696,1301776.7
869,669,597,3,2,6,354,20.2,1.77,4.63,0,9,18,752,-1.1919,506992.55
1282,1062,810,2,3,5,418,32.2,34.55,2.73,1,12,3,360,-1.5058,320845.91
2689,2349,2106,6,4,9,838,20.2,6.76,2.93,4,11,18,876,-0.2926,1241422.4
1189,939,974,3,2,5,496,11.4,5.49,2.23,1,11,19,225,0.2866,504420.99
3682,3248,2678,6,2,10,1112,13.8,26.65,5.94,2,11,16,657,-0.1469,1934532.62
1346,1171,886,3,2,5,280,27.2,9.66,0.25,1,1,0,286,-0.2667,537781.48
1086,981,724,3,1,6,424,6.4,24.85,0.63,0,2,6,790,1.3166,304181.57
1613,1449,1149,3,1,5,489,5.1,3.36,2.56,1,7,23,356,-0.0776,740103.79
1599,1412,881,3,2,6,286,10.8,5.56,0.73,1,4,16,732,-0.2355,649778.68
1325,1091,899,1,1,5,570,4.0,5.2,3.67,0,3,26,885,0.7621,486060.62
1346,1158,1073,2,1,5,397,13.8,17.81,5.03,1,7,14,824,-0.6251,404036.07
1661,1482,1004,4,2,6,617,19.2,13.76,3.54,1,12,19,376,-1.3862,598219.79
1355,1237,1026,3,2,5,182,21.7,1.83,3.73,1,8,23,585,-0.1617,596324.75
1125,979,789,2,2,4,457,11.3,25.98,3.26,1,10,14,303,1.3777,317302.85
1592,1338,1229,4,2,7,310,21.4,15.6,3.36,2,2,24,513,-0.0503,528269.8
1525,1295,1311,2,1,5,509,16.1,19.16,4.44,1,1,22,103,-1.1463,409981.81
902,751,609,3,2,7,249,1.6,11.26,1.82,1,11,20,530,2.4596,434492.95
1770,1488,1397,5,3,9,457,6.6,9.39,2.48,0,2,16,420,0.951,703148.65
1524,1307,1120,3,2,5,352,9.0,11.48,1.33,0,6,10,374,-0.9261,520884.96
2563,2381,2004,4,3,8,973,5.8,10.36,1.38,2,2,16,552,0.407,1148571.63
1339,1345,947,3,2,7,495,24.9,17.12,2.95,0,4,12,638,-0.125,352258.63
1090,1155,835,1,1,3,389,9.8,23.45,2.51,0,11,12,341,-0.3938,316250.25
1193,926,924,1,2,5,454,29.8,21.32,1.44,0,8,13,575,1.4377,350063.43
2433,2196,1720,4,3,7,834,11.6,15.44,3.1,1,7,10,324,0.0862,1014420.5
1923,1875,1327,5,3,8,612,11.1,8.7,3.09,2,7,12,403,0.4325,757430.94
1549,1345,1298,4,2,6,450,57.6,6.64,4.56,2,8,16,193,-1.5092,640421.4
1069,1045,749,3,2,6,374,1.9,3.85,0.96,1,2,16,897,0.6837,511173.43
1312,1083,962,3,2,5,347,15.9,15.39,1.38,2,12,17,620,-0.7137,381230.83
1607,1474,1021,2,2,6,502,15.7,4.77,0.53,1,7,14,524,-0.4734,632153.24
1952,1686,1421,2,2,5,624,8.9,7.7,4.25,2,4,15,730,1.1489,731451.28
1367,1364,998,2,1,5,457,28.2,20.7,2.45,1,4,20,857,-0.785,436413.29
2524,2305,1432,5,2,10,957,11.5,31.1,0.93,1,11,11,823,-0.4105,1044083.0
1455,1395,1005,3,3,6,557,34.5,13.59,4.57,1,6,21,707,0.4731,410168.22
2440,2246,1716,5,4,7,843,20.8,45.0,7.18,2,11,19,165,-0.6046,951741.31
963,788,794,1,1,3,219,30.6,27.1,4.12,0,5,12,835,-0.4366,122144.43
1990,1748,1279,3,2,7,676,20.5,13.23,2.59,1,7,17,901,0.7362,773421.34
1410,1308,1037,2,2,5,388,9.2,6.43,3.12,2,1,12,301,-0.1704,503208.94
780,854,563,1,1,3,186,17.8,6.82,1.92,1,9,17,626,-1.7771,327787.5
2036,1931,1582,4,3,7,580,24.5,7.92,1.87,1,4,16,115,1.7474,765637.63
1292,982,1062,3,2,6,476,4.4,9.44,2.2,2,8,17,165,0.8595,491684.61
2321,2105,1891,3,2,6,588,14.3,14.77,1.02,2,9,20,676,0.6181,957556.08
1055,1016,702,2,1,4,308,19.4,18.19,3.15,2,9,6,215,1.239,303544.76
1552,1364,1194,3,2,5,570,33.6,7.51,8.36,2,10,9,475,1.4414,544701.87
1801,1647,1444,3,3,6,509,7.8,17.5,3.61,1,7,13,474,1.1555,606807.31
907,766,633,2,1,3,333,20.3,11.18,2.54,0,8,7,900,0.4576,213615.8
1428,1391,863,3,2,7,292,19.3,32.47,2.9,0,1,17,813,0.6112,388998.39
1949,1753,1390,5,3,7,468,21.8,18.84,3.07,0,8,11,230,0.5,661322.14
1195,1190,846,2,2,4,299,10.9,9.57,4.98,1,5,32,942,-1.4889,361760.29
1262,1181,1106,2,1,3,306,10.6,5.66,4.07,0,9,18,182,2.0636,504642.45
2149,1945,1503,3,2,6,628,20.1,15.5,1.16,1,9,6,175,-0.7148,745626.62
4271,3880,3008,6,4,10,1268,12.5,5.99,3.63,3,10,7,861,-0.7271,2680637.15
1279,1193,976,2,1,5,356,12.0,14.83,3.55,1,9,13,434,-0.7788,371975.66
1890,1792,1344,3,3,5,341,22.7,19.36,0.47,2,12,19,543,-1.1736,654731.29
1279,1293,895,4,3,8,393,16.9,11.45,4.13,0,4,11,569,-2.0298,425048.51
2745,2317,2209,3,4,6,735,7.8,12.8,2.08,2,10,16,493,0.4996,1272933.34
1311,1192,897,3,4,5,613,22.4,2.12,0.7,1,3,15,977,-0.2949,627490.09
1738,1569,1211,3,2,6,383,7.3,8.62,4.04,2,2,21,712,-1.1148,685970.18
2449,2210,1873,4,3,8,613,22.5,8.61,1.49,1,10,15,389,-0.3691,1054107.28
1104,1095,615,2,3,5,216,11.9,6.15,4.98,0,10,18,829,0.4348,463798.92
1959,1766,1289,3,2,7,559,8.7,9.97,0.87,1,8,24,907,-1.1466,800419.35
1460,1406,745,3,2,5,454,39.3,4.92,4.26,1,2,21,555,-0.1352,599977.11
878,737,654,2,2,5,463,14.5,7.65,1.21,0,9,11,596,0.074,377283.82
1297,1102,983,2,1,4,634,29.8,10.53,1.64,1,4,20,218,0.0559,396422.05
1602,1485,1156,2,2,4,515,18.1,8.2,1.71,0,5,8,211,0.2894,642740.62
1320,1016,929,2,2,6,413,18.5,28.42,1.46,1,5,15,584,0.3778,356717.33
2174,1933,1371,4,3,6,531,34.3,19.51,1.01,2,11,8,338,-0.7321,812243.86
1410,1351,1074,2,2,7,325,6.4,7.57,1.91,2,5,20,716,0.1211,536873.03
1718,1574,979,3,3,6,525,23.6,36.58,1.04,1,3,23,809,-1.0078,566136.54
1888,1694,1329,4,2,7,522,4.0,19.18,2.64,2,6,16,324,-1.414,694038.48
3353,2969,2753,6,3,8,895,10.0,4.57,2.66,1,5,22,738,0.2986,1809180.64
2026,1841,1486,4,3,7,630,15.5,17.32,5.86,1,2,9,663,-0.7279,706614.57
1229,1175,773,2,1,4,428,29.4,17.08,3.11,1,6,12,339,0.756,325065.58
2780,2589,2022,3,3,5,925,14.6,24.08,1.04,2,9,13,604,-0.2973,1168890.72
1690,1653,1310,4,3,7,630,15.3,3.97,2.36,1,3,22,261,2.3316,762280.04
1760,1530,1293,4,4,6,420,8.5,8.25,3.68,1,9,19,279,-1.7603,692849.14
1050,955,789,2,2,3,357,31.0,24.32,1.12,1,3,22,434,-2.132,271161.14
1440,1311,1071,2,2,4,432,9.9,4.3,1.56,1,4,21,598,0.0033,629505.88
1744,1719,1366,2,2,5,491,8.7,13.56,3.01,3,2,25,782,-0.1165,657343.04
928,832,794,4,2,7,174,5.6,45.0,1.0,1,4,11,119,2.2303,344029.18
1413,1265,1194,3,2,5,355,35.4,3.93,1.27,1,10,22,673,-0.6742,619298.76
1609,1387,1021,3,3,5,655,6.1,6.75,1.28,3,1,13,617,0.6932,729652.09
1233,1118,805,3,2,6,306,16.4,5.36,3.07,0,10,13,501,0.7432,504217.66
2620,2315,1773,5,4,9,935,41.9,21.14,2.65,2,11,14,849,-1.4517,1079381.54
2861,2564,2098,5,4,8,847,12.4,11.42,5.52,2,5,16,788,-0.3006,1325005.55
993,922,810,1,1,5,237,17.7,6.08,1.08,0,9,10,574,0.8484,286584.86
811,669,403,3,1,5,294,6.0,36.23,2.06,0,7,15,885,0.9154,287131.41
980,777,706,3,2,7,150,30.9,5.98,1.78,2,5,16,878,1.2297,435794.74
2567,2399,1809,4,3,7,744,4.2,17.41,2.11,2,10,10,747,0.5069,1039049.82
1045,824,742,3,2,6,306,8.6,22.2,2.74,1,5,5,287,-0.4625,311318.58
1475,1329,973,1,3,3,494,18.8,28.82,1.12,1,11,12,304,-0.3927,358419.37
2605,2381,1925,6,3,10,762,6.8,7.04,0.78,3,3,25,849,-0.1641,1243650.48
2041,1918,1473,5,3,8,600,9.5,19.08,5.43,2,3,8,692,0.1989,803198.34
2250,2060,1741,4,3,7,526,22.3,5.75,3.34,1,5,14,776,-0.9376,1006153.42
1653,1614,1108,3,3,6,498,8.3,4.51,2.49,2,3,13,641,0.5643,715364.02
3527,3259,2810,6,3,9,1015,22.0,16.73,3.11,2,2,17,877,0.4836,1858193.97
1373,1383,932,2,3,5,414,29.7,2.35,0.79,1,7,33,811,1.2668,554469.7
1047,969,707,4,3,7,185,5.9,14.81,2.14,2,2,16,235,1.5953,325296.46
1670,1525,1099,4,3,6,456,27.4,8.31,3.91,1,4,15,621,-0.5359,659476.97
4350,3696,3125,6,4,11,1246,23.4,8.28,0.71,1,6,17,448,0.9418,2669856.83
2806,2377,2146,5,4,7,842,4.3,17.04,5.85,2,5,19,533,0.1521,1325283.67
1462,1298,977,2,3,5,447,27.0,12.66,5.26,1,5,15,305,-1.2155,418348.14
909,819,652,2,2,5,254,32.3,26.72,1.18,1,9,9,717,1.6012,232656.0
1640,1330,1453,3,1,7,341,15.0,18.81,3.49,1,9,12,228,-0.8007,403346.61
1923,1652,1336,4,2,8,612,19.6,32.33,1.14,2,10,18,597,-0.4716,625149.91
1993,1915,1405,5,3,8,659,26.3,5.67,1.58,1,4,28,375,-0.8348,898160.51
1544,1507,1144,2,2,5,350,3.5,7.15,4.0,1,3,13,718,-0.6502,589487.19
1118,953,821,3,3,6,270,14.4,11.1,2.47,2,8,12,426,0.3873,363277.85
1328,1130,891,1,1,5,490,18.8,24.9,1.93,2,3,21,258,0.9089,402834.52
1851,1757,1251,5,4,7,548,20.0,21.79,5.14,3,1,12,348,-1.9125,645199.04
2624,2435,1778,5,4,8,983,28.1,14.11,0.38,0,8,0,606,-0.1416,1060916.67
2308,2081,1543,4,3,7,722,9.6,4.47,1.43,1,2,17,272,0.1995,1001236.58
1471,1282,1107,2,1,5,419,7.2,17.74,2.75,1,3,8,709,0.897,444845.66
1486,1362,1174,3,2,5,533,3.6,31.31,3.27,1,9,15,477,-0.6384,476070.78
2434,2255,1501,6,3,9,702,31.3,16.9,3.13,1,1,10,173,-0.117,953487.55
2347,2192,1837,5,2,8,674,8.1,10.83,1.98,1,4,25,668,0.9063,940696.1
1911,1572,1215,3,3,7,400,3.6,8.48,6.71,3,2,11,803,-0.7823,778847.2
725,686,479,2,1,4,280,6.3,3.06,3.1,1,2,24,517,0.2038,439156.62
980,956,708,1,2,5,284,9.2,32.05,3.52,1,2,0,878,-0.0531,331733.74
2073,1923,1561,5,3,8,659,35.2,6.65,1.2,1,4,10,172,-0.5178,870647.79
2396,2046,1667,5,3,10,806,19.9,13.09,3.57,1,1,5,605,0.4277,1015067.28
1891,1790,1253,3,2,7,808,21.8,16.12,1.47,1,1,20,631,1.7864,565815.91
1667,1491,1271,3,1,6,656,39.0,11.85,2.39,1,9,13,325,-0.8331,623097.42
1597,1429,1292,4,2,7,479,57.3,6.85,2.45,1,5,17,764,-0.4922,674011.62
1826,1589,1332,2,1,5,509,23.3,13.54,1.17,3,4,15,897,1.2431,568762.16
963,876,727,2,2,6,319,19.9,38.5,0.83,1,3,19,959,0.8822,255061.93
1253,956,788,3,1,5,270,15.4,16.11,1.52,1,9,17,510,-0.4155,373090.28
1963,1866,1331,3,2,7,610,15.2,5.75,2.68,2,5,23,825,-2.9086,832347.6
1444,1168,1034,3,3,5,475,15.5,10.35,1.09,2,12,22,741,-1.0347,545960.28
1512,1336,1221,2,2,4,482,17.6,22.18,2.42,2,7,12,824,0.4937,426158.42
1582,1295,1136,2,2,4,562,34.9,32.83,1.52,1,3,6,633,0.4507,447616.2
1816,1616,1338,4,2,7,587,25.5,2.28,4.57,3,8,15,491,-0.0835,829027.4
1322,1239,870,1,1,4,553,16.4,17.51,2.69,1,10,13,329,-0.7683,273657.43
1098,1023,912,2,2,5,545,6.7,18.54,4.27,1,7,16,452,-2.7158,330409.95
1782,1457,1233,3,3,8,543,14.1,11.16,0.64,1,2,20,529,-0.8704,650274.5
875,812,625,1,2,3,150,6.4,3.95,3.78,2,8,25,195,-0.4495,428381.91
1507,1511,1085,3,2,6,389,57.4,7.74,3.02,2,1,18,270,1.2795,612429.63
970,931,704,2,1,3,231,15.3,7.11,2.19,0,11,14,168,-0.8203,329208.51
2333,2022,1661,5,2,9,602,22.2,13.01,1.71,2,4,14,179,-1.1391,942373.89
3684,3530,2560,6,4,10,1161,20.1,6.99,2.33,2,12,10,488,0.6604,2108564.52
1063,931,867,3,3,4,247,7.8,7.08,1.81,1,8,14,938,1.1842,411175.79
2208,2053,1400,4,3,7,610,10.5,8.43,1.71,2,8,10,744,-0.898,904408.91
1346,1185,991,4,3,7,443,23.5,24.19,4.01,0,10,14,331,0.4835,437095.03
1291,1148,884,3,3,5,413,26.9,34.69,4.42,0,3,23,704,-1.1203,390296.56
1361,1118,934,3,3,7,412,12.6,13.43,0.43,1,12,24,742,0.8412,459120.2
1820,1615,1435,5,2,8,570,16.5,13.53,1.55,2,3,9,285,-0.3482,601745.44
1994,1703,1284,4,2,6,522,9.9,30.64,6.68,2,6,19,907,0.1403,715676.23
1252,1184,826,2,1,3,463,8.6,15.87,2.6,1,11,18,237,1.7309,303382.52
1283,1135,1047,4,3,6,300,27.8,14.22,3.96,1,10,18,887,0.223,451117.81
2361,2013,1752,3,2,7,765,20.6,8.04,0.42,1,6,10,122,1.6411,981109.51
2603,2445,1683,3,1,6,621,21.1,7.86,1.49,2,9,20,370,-2.0847,1156162.58
1105,959,767,3,2,5,327,9.8,11.93,0.32,0,10,39,419,0.1707,350804.07
1428,1276,1023,3,2,5,538,7.6,3.11,2.28,2,2,17,137,-0.3522,677136.58
2285,2000,1704,5,4,9,793,48.2,8.62,5.85,1,10,7,292,0.1241,999632.64
3340,3236,2528,5,3,8,904,16.5,14.24,2.29,2,3,13,240,0.7316,1667966.46
1744,1570,1310,3,2,6,530,13.7,16.28,4.55,2,7,9,971,-0.5313,528007.84
1905,1852,1305,4,3,8,646,13.7,12.29,1.36,1,12,25,843,-0.1884,668055.71
1174,1095,744,3,3,5,304,44.5,21.88,3.61,0,9,21,681,0.6351,302819.37
2302,1993,1780,4,3,8,579,3.9,10.24,2.58,2,5,20,854,-0.0992,1014290.2
1908,1672,1493,5,3,8,457,56.8,10.51,2.13,0,1,16,166,-0.936,806803.9
1416,1220,968,2,3,4,493,26.4,24.99,3.79,0,7,15,285,0.4468,423038.06
1611,1387,1316,3,3,6,653,30.3,27.84,1.9,2,5,3,259,-1.3525,473492.45
3519,3134,2706,6,4,10,1226,12.6,17.97,0.96,4,2,17,699,-0.497,1894378.82
2748,2356,1929,5,3,9,863,10.2,22.95,1.18,2,1,22,195,0.6332,1182300.21
2753,2408,2120,5,4,7,849,2.8,21.73,3.7,2,3,19,379,0.988,1199724.36
1173,985,542,1,3,3,240,12.3,18.57,0.95,1,8,22,959,-1.261,349886.59
1047,886,871,2,1,6,204,18.8,10.67,3.71,3,10,16,198,-0.9745,361002.51
924,847,565,3,3,6,344,9.6,25.17,1.3,1,8,15,797,-1.1609,276207.74
2012,1835,1424,2,2,4,610,33.3,16.41,3.16,1,6,20,442,-0.4881,710939.86
1066,899,688,3,2,7,259,9.3,33.88,0.69,1,10,4,774,-2.5117,312322.4
1113,952,866,2,3,4,169,15.9,11.57,1.95,0,7,17,731,-1.1909,396446.3
2431,2297,1928,6,3,10,949,8.6,17.32,3.29,2,6,18,358,0.9189,1060697.41
841,682,614,2,1,5,231,8.7,12.65,4.49,1,1,24,885,-0.8005,239738.25
1934,1673,1405,4,4,6,539,11.9,13.08,1.51,0,9,7,769,1.3451,688072.32
1050,876,626,1,1,3,381,4.6,7.31,4.3,1,12,23,483,-0.4515,326055.1
1677,1480,1388,3,3,5,506,6.2,12.84,0.81,1,6,12,450,-0.517,611304.63
3692,3099,2826,6,4,10,1010,18.0,15.47,2.27,3,12,13,624,0.8773,1996211.98
1820,1536,1434,5,2,8,632,9.1,8.39,3.89,2,9,18,799,0.4981,742713.51
1470,1355,1037,3,2,5,150,14.8,8.99,2.99,1,1,15,145,-0.3862,506426.12
1491,1329,1064,3,2,5,475,26.5,19.04,4.66,3,2,16,288,0.9964,480577.21
1487,1534,1006,2,2,4,516,15.6,19.39,2.11,2,6,12,772,0.4938,437431.65
1332,1209,970,3,2,6,565,12.6,20.33,2.0,0,10,16,520,-0.2963,361982.64
893,864,700,3,2,7,275,23.6,16.6,4.58,1,7,29,462,0.2851,315967.44
1186,1050,834,3,3,5,203,34.1,14.91,3.6,0,4,10,580,0.9461,344166.17
2604,2219,1911,5,3,8,725,8.9,18.83,0.47,0,10,17,636,0.0743,1069364.32
2498,2348,1862,4,1,7,838,4.2,2.97,1.21,2,9,25,550,-0.9017,1288747.83
2013,1810,1298,4,2,7,643,9.7,7.22,2.17,0,1,23,576,0.8598,766729.43
1590,1330,1152,2,2,4,583,3.3,10.93,3.55,2,12,8,391,0.0537,667519.3
2013,1704,1469,4,2,8,666,23.4,12.66,7.66,1,1,27,570,1.2908,778939.78
1766,1696,1327,4,3,8,552,20.5,22.75,3.29,1,10,14,129,0.8022,549395.19
1998,1737,1633,2,2,4,665,12.4,26.79,4.01,2,9,20,388,0.8504,611984.59
2776,2414,2122,5,3,9,905,13.0,38.59,0.89,2,11,13,440,-1.0765,1148376.12
2505,2259,1944,4,3,7,659,6.1,20.91,3.43,1,3,10,803,0.0897,1008643.31
1435,1301,804,2,2,5,516,6.8,1.94,1.59,2,10,19,896,-0.6934,641087.59
1190,1007,835,2,3,5,288,43.3,9.97,1.73,1,2,18,374,-1.1072,393954.37
781,861,489,3,4,7,349,39.2,18.68,8.91,0,11,18,526,-0.7169,278531.6
1249,1081,989,3,2,6,150,27.1,12.25,1.89,1,3,23,648,-0.0547,370833.46
1565,1457,1174,3,3,7,391,10.6,4.67,4.5,1,3,10,870,1.0791,661200.27
1542,1465,1228,4,1,7,535,6.8,22.34,1.53,0,7,13,853,-0.0352,476024.7
1594,1519,1134,1,1,3,531,6.2,4.94,4.63,0,3,8,339,1.801,596803.68
1872,1623,1279,3,2,7,499,24.9,13.04,2.84,3,12,21,249,0.0666,705559.82
2301,2032,1582,4,3,8,884,14.2,38.67,1.28,2,1,8,298,0.6857,838969.67
947,867,475,3,2,6,381,9.3,9.78,1.83,1,6,20,928,1.5132,297532.72
1144,962,881,2,1,4,514,27.1,17.32,1.96,1,6,22,141,1.374,294692.28
1145,1023,885,1,2,3,459,8.5,17.29,3.25,0,10,13,826,-0.8866,304380.98
2055,1873,1382,2,1,5,729,9.2,7.03,6.73,1,5,28,232,-0.3007,868190.09
3058,2891,2039,6,3,9,979,38.7,15.28,3.94,2,5,27,482,-0.5156,1500341.23
1741,1651,1314,4,3,8,405,4.8,16.4,3.58,1,11,20,939,1.5658,493966.58
1894,1552,1393,3,3,5,584,29.4,26.24,2.38,2,6,19,983,1.8684,653530.87
1358,1222,1107,3,2,6,438,37.2,26.22,7.62,1,12,12,472,0.0934,411233.15
1154,1160,959,2,2,4,496,17.6,11.9,0.68,0,11,28,245,-0.6542,307066.39
1284,1182,906,4,1,6,560,15.2,16.64,2.26,1,12,22,573,0.3328,396440.47
2834,2446,2105,4,2,7,711,31.7,2.02,8.17,2,1,16,895,1.332,1431536.41
1598,1673,1112,2,1,5,572,4.5,10.79,0.43,2,9,16,865,0.0023,635172.38
1508,1322,996,3,2,6,526,31.7,29.02,1.6,1,7,6,342,0.9293,486982.2
2024,1719,1325,3,2,6,675,24.2,6.55,6.12,2,8,29,756,0.6819,817166.75
1678,1546,1154,3,1,6,542,20.0,11.6,2.31,2,2,21,699,1.2793,482160.11
2369,2198,1734,4,3,7,650,2.2,11.48,0.9,2,7,10,285,-0.814,1075610.6
1624,1416,1128,2,2,4,598,4.8,18.48,1.9,1,4,11,426,0.0476,506879.57
1797,1598,1243,3,2,6,413,5.5,4.43,1.8,2,9,16,524,0.3581,760448.66
1944,1744,1222,2,1,4,585,22.0,10.67,1.68,2,9,21,920,-0.2111,659106.18
1319,1145,1079,2,1,4,452,22.1,24.22,2.39,2,11,10,105,-0.1797,360887.13
1412,1275,1101,3,1,7,225,17.8,9.24,4.02,0,1,4,367,2.0777,496190.66
2026,1866,1331,4,2,7,899,44.3,17.53,1.73,3,6,16,452,-2.0021,673299.69
1701,1530,1310,3,2,6,290,10.1,5.78,0.92,2,8,21,638,-0.0458,782177.61
1334,1103,984,2,2,5,447,25.9,28.48,1.39,1,5,14,307,0.7091,367964.03
1620,1529,1179,4,3,6,520,27.4,28.79,2.62,2,7,13,463,0.123,476309.3
3932,3581,2600,6,4,10,1341,9.7,14.44,4.3,3,8,10,885,-1.2222,2235644.63
1527,1384,1083,3,2,8,607,8.9,7.91,1.0,1,10,24,460,0.9619,602911.1
1237,1136,933,3,2,6,208,19.2,19.73,2.55,0,8,19,645,0.3576,291322.28
1878,1570,1180,4,1,6,576,18.6,39.7,4.65,2,2,7,827,0.9839,602131.68
2901,2406,2428,5,4,10,939,7.8,5.75,0.91,2,10,18,223,-0.3532,1465208.29
1520,1354,1178,2,2,4,611,23.1,12.48,1.89,2,6,13,891,1.5576,529258.6
1493,1246,1157,2,1,6,335,37.3,9.46,3.03,1,10,12,831,-0.8886,516413.35
1396,1263,956,3,1,5,491,26.8,15.83,6.3,1,5,16,794,0.9385,358535.89
1029,1025,510,4,2,7,409,6.0,21.15,2.27,1,6,16,300,2.5859,362575.02
1563,1459,1227,2,2,5,478,7.3,22.84,1.05,0,9,17,330,1.3236,513483.84
2368,1988,1742,5,3,8,751,7.4,9.56,1.36,1,4,12,728,0.7565,1072527.03
1873,1676,1517,3,2,6,557,36.2,24.11,2.63,1,7,23,607,0.4958,629702.25
1680,1355,1315,3,1,6,429,15.9,41.97,5.26,2,8,16,205,0.1953,553841.16
893,669,750,1,1,4,187,9.1,13.07,1.88,1,11,24,933,-0.8353,276932.82
1428,1323,1165,3,2,7,414,4.7,11.84,7.36,2,8,12,417,0.0056,590081.73
1092,959,781,2,1,4,176,45.9,1.26,3.28,0,12,11,258,0.0435,573090.58
631,589,461,3,2,5,150,19.8,22.15,0.63,1,7,16,804,0.9414,214919.08
1308,1192,943,4,3,6,441,18.9,13.27,3.32,1,12,19,316,0.6276,445490.75
1992,1742,1441,4,3,6,471,17.6,21.47,3.01,2,7,18,184,0.7171,629163.22
1152,1132,670,2,1,3,302,50.0,18.88,7.46,1,6,28,513,0.6003,315124.25
1194,1117,768,2,1,3,514,32.0,14.72,6.63,1,2,24,325,-0.9339,273440.65
2978,2495,2212,6,5,10,853,25.5,7.07,0.79,2,7,22,990,1.0349,1457053.66
2042,1755,1470,4,2,7,580,9.4,14.15,2.9,1,6,19,417,0.0058,848226.9
2513,2170,1988,5,3,8,726,34.9,27.2,3.63,2,10,10,248,0.554,1043800.39
2559,2349,1835,4,3,6,746,3.8,6.24,6.95,3,7,19,243,-0.8926,1201663.21
2029,1870,1382,4,3,7,664,28.6,12.06,7.42,1,7,13,532,0.8032,726912.22
1578,1370,1135,5,4,8,376,1.9,12.03,3.21,2,6,24,747,-0.5401,581421.33
1895,1594,1265,3,3,6,665,27.0,6.86,2.18,1,4,28,528,1.8863,709157.92
2685,2260,1940,6,4,10,845,3.6,13.98,0.82,2,10,7,984,0.9701,1276209.01
1762,1713,1374,3,2,6,559,7.9,34.01,1.57,2,11,22,469,-2.311,578270.37
1695,1529,1283,3,3,6,513,20.9,2.56,3.22,1,2,22,219,1.158,704563.21
1729,1451,990,4,4,8,683,8.7,12.26,2.25,1,9,18,603,-0.8428,659641.12
2219,2045,1617,4,3,8,738,22.9,7.82,2.9,2,10,13,297,-0.3292,926475.39
1345,1169,973,2,2,5,472,11.1,19.66,2.89,0,4,11,664,-1.326,413894.38
2899,2521,1993,5,3,9,813,24.7,10.2,3.93,1,7,24,634,-2.3633,1344150.16
2249,2022,1598,4,3,7,810,7.1,12.42,2.39,2,2,5,328,0.0042,968770.47
1278,1265,1036,2,1,6,610,10.9,9.75,1.28,2,4,17,472,0.4127,367949.19
2998,2474,2263,6,5,9,863,20.8,8.63,0.76,2,1,9,788,-0.394,1420593.04
885,832,680,2,2,4,158,11.9,30.44,1.77,1,9,17,586,-1.497,211717.76
711,655,507,1,1,4,351,6.4,11.55,1.64,0,1,22,871,0.7994,217780.17
1983,1816,1228,3,3,6,625,9.5,19.17,1.09,3,11,23,700,0.0063,702370.63
1226,1013,675,4,2,8,416,37.1,7.75,1.06,1,11,15,816,0.914,448207.4
1288,1148,941,3,1,5,433,43.9,3.71,1.18,0,9,18,370,0.2361,531749.21
1928,1682,1480,3,2,6,774,4.0,35.54,5.51,2,6,26,348,2.0533,728675.97
2352,2104,1819,4,3,8,863,28.0,5.4,3.9,2,9,11,979,0.0075,1063557.34
3525,3083,2760,6,4,10,1427,10.6,14.59,0.88,4,7,13,506,0.3036,1931987.44
1902,1596,1244,5,3,9,593,26.8,10.95,1.71,2,9,17,741,-0.4423,735970.29
1247,1073,1009,2,2,5,520,9.0,29.56,2.03,2,6,12,362,-1.9806,350311.22
1970,1802,1739,4,2,8,603,6.4,20.72,2.02,1,6,12,227,0.0747,811052.79
1430,1243,822,4,2,5,425,11.4,19.43,2.68,1,11,10,646,-1.3489,437595.31
1319,1101,912,2,2,6,469,7.6,21.98,4.5,3,10,27,440,-0.6524,428248.48
2347,1951,1838,4,3,7,681,20.5,11.09,1.55,2,11,23,933,-1.033,944421.96
2515,2212,1951,4,4,7,776,16.4,7.71,4.07,2,8,14,496,0.7915,1078394.66
828,749,608,2,2,5,439,45.4,2.95,1.71,1,7,4,910,0.1192,405618.55
2297,1976,1763,4,3,7,567,18.3,7.37,2.13,2,6,20,306,0.9746,1018341.57
1686,1498,1148,4,3,6,587,10.0,13.97,1.8,2,5,12,132,0.902,612225.17
1918,1703,1496,4,3,7,524,10.7,7.27,1.04,4,3,26,331,-0.2289,832640.38
1125,988,886,2,2,5,484,6.1,5.94,2.19,0,4,16,629,1.1777,442603.28
1094,924,651,3,3,5,211,23.7,5.14,3.42,1,10,17,324,-0.3913,432306.17
1339,1265,910,4,3,6,150,12.6,8.58,3.63,2,6,8,283,-1.1342,462863.28
1915,1697,1363,3,1,6,436,23.4,6.16,1.45,2,10,27,961,1.0671,776782.78
1490,1455,916,2,3,4,298,29.7,4.13,1.46,0,3,13,107,0.4232,597387.48
1389,1069,799,1,1,4,355,14.6,22.78,5.7,2,4,6,902,1.223,337076.43
